,S_0,a,b,alpha,beta,final_skills,n_prac,prop_quit
0,0.02,0.6,5.0,0.4,0.3,8.130532444987517e-06,66,0.87
1,0.02,0.6,5.0,0.4,0.3,8.175218441324647e-06,66,0.87
2,0.02,0.6,5.0,0.4,0.3,3.8828074057909234e-05,71,0.87
3,0.02,0.6,5.0,0.4,0.3,4.081270923832409e-06,64,0.87
4,0.02,0.6,5.0,0.4,0.3,5.875864661510287e-05,72,0.87
5,0.02,0.6,5.0,0.4,0.3,5.332244656542196e-07,58,0.87
6,0.02,0.6,5.0,0.4,0.3,3.7193950742589225e-08,50,0.87
7,0.02,0.6,5.0,0.4,0.3,4.3199402133958515e-05,72,0.87
8,0.02,0.6,5.0,0.4,0.3,4.947008607997221e-07,58,0.87
9,0.02,0.6,5.0,0.4,0.3,3.959204373453269e-07,57,0.87
10,0.02,0.6,5.0,0.4,0.3,0.00011588646415770994,74,0.87
11,0.02,0.6,5.0,0.4,0.3,3.9987748524157e-06,64,0.87
12,0.02,0.6,5.0,0.4,0.3,9.999758155475186e-08,53,0.87
13,0.02,0.6,5.0,0.4,0.3,1.527311813315915e-05,68,0.87
14,0.02,0.6,5.0,0.4,0.3,3.7657044443108596e-08,50,0.87
15,0.02,0.6,5.0,0.4,0.3,4.054478602844922e-06,64,0.87
16,0.02,0.6,5.0,0.4,0.3,1.4015313190611876e-07,54,0.87
17,0.02,0.6,5.0,0.4,0.3,1.4803092542215355e-05,68,0.87
18,0.02,0.6,5.0,0.4,0.3,0.8477411364784441,332,0.87
19,0.02,0.6,5.0,0.4,0.3,9.820032425231248e-06,67,0.87
20,0.02,0.6,5.0,0.4,0.3,1.0463270931944137e-06,60,0.87
21,0.02,0.6,5.0,0.4,0.3,0.7681446889338749,311,0.87
22,0.02,0.6,5.0,0.4,0.3,0.8091642287612789,213,0.87
23,0.02,0.6,5.0,0.4,0.3,9.64540703126053e-07,60,0.87
24,0.02,0.6,5.0,0.4,0.3,1.5507724818381597e-05,68,0.87
25,0.02,0.6,5.0,0.4,0.3,7.118471498918671e-07,59,0.87
26,0.02,0.6,5.0,0.4,0.3,1.3642942597382564e-07,54,0.87
27,0.02,0.6,5.0,0.4,0.3,5.134516636895685e-05,72,0.87
28,0.02,0.6,5.0,0.4,0.3,4.238572286183021e-05,71,0.87
29,0.02,0.6,5.0,0.4,0.3,9.458117520207669e-09,46,0.87
30,0.02,0.6,5.0,0.4,0.3,5.046425000049593e-07,58,0.87
31,0.02,0.6,5.0,0.4,0.3,2.1062869204502952e-05,69,0.87
32,0.02,0.6,5.0,0.4,0.3,1.0692137767930753e-06,60,0.87
33,0.02,0.6,5.0,0.4,0.3,2.6897339987645857e-08,49,0.87
34,0.02,0.6,5.0,0.4,0.3,9.420123523619233e-09,46,0.87
35,0.02,0.6,5.0,0.4,0.3,1.9984365063407986e-07,55,0.87
36,0.02,0.6,5.0,0.4,0.3,5.461823735342048e-07,58,0.87
37,0.02,0.6,5.0,0.4,0.3,3.708241100842678e-07,57,0.87
38,0.02,0.6,5.0,0.4,0.3,2.0400247310956786e-05,69,0.87
39,0.02,0.6,5.0,0.4,0.3,0.8415340098557632,215,0.87
40,0.02,0.6,5.0,0.4,0.3,7.69741012427286e-06,66,0.87
41,0.02,0.6,5.0,0.4,0.3,2.082114831309073e-06,62,0.87
42,0.02,0.6,5.0,0.4,0.3,1.1827025581950307e-06,61,0.87
43,0.02,0.6,5.0,0.4,0.3,3.0119310587836222e-05,70,0.87
44,0.02,0.6,5.0,0.4,0.3,9.149452213529132e-10,39,0.87
45,0.02,0.6,5.0,0.4,0.3,2.1212088371573913e-06,62,0.87
46,0.02,0.6,5.0,0.4,0.3,5.3871906180714044e-05,72,0.87
47,0.02,0.6,5.0,0.4,0.3,7.69225943854978e-05,73,0.87
48,0.02,0.6,5.0,0.4,0.3,1.3472652393522699e-08,47,0.87
49,0.02,0.6,5.0,0.4,0.3,1.997233574222549e-06,62,0.87
50,0.02,0.6,5.0,0.4,0.3,1.3443410976864443e-08,47,0.87
51,0.02,0.6,5.0,0.4,0.3,8.225157703714929e-05,73,0.87
52,0.02,0.6,5.0,0.4,0.3,0.0003067225680475997,77,0.87
53,0.02,0.6,5.0,0.4,0.3,0.7810089338728355,341,0.87
54,0.02,0.6,5.0,0.4,0.3,2.9683509645103317e-06,63,0.87
55,0.02,0.6,5.0,0.4,0.3,9.113718220214466e-06,67,0.87
56,0.02,0.6,5.0,0.4,0.3,5.253778955130014e-07,58,0.87
57,0.02,0.6,5.0,0.4,0.3,2.7831124428264936e-07,56,0.87
58,0.02,0.6,5.0,0.4,0.3,3.722160534883077e-08,50,0.87
59,0.02,0.6,5.0,0.4,0.3,3.9727600956111555e-06,64,0.87
60,0.02,0.6,5.0,0.4,0.3,1.515219371351281e-06,61,0.87
61,0.02,0.6,5.0,0.4,0.3,0.8898730167825386,188,0.87
62,0.02,0.6,5.0,0.4,0.3,2.0408829628159558e-06,62,0.87
63,0.02,0.6,5.0,0.4,0.3,1.3408491738431755e-06,61,0.87
64,0.02,0.6,5.0,0.4,0.3,5.33050452890641e-07,58,0.87
65,0.02,0.6,5.0,0.4,0.3,3.876213821931771e-07,57,0.87
66,0.02,0.6,5.0,0.4,0.3,2.886519134517806e-05,70,0.87
67,0.02,0.6,5.0,0.4,0.3,2.746009807998276e-06,63,0.87
68,0.02,0.6,5.0,0.4,0.3,5.161934955522634e-07,58,0.87
69,0.02,0.6,5.0,0.4,0.3,0.7828794071912903,303,0.87
70,0.02,0.6,5.0,0.4,0.3,1.495828449416854e-06,61,0.87
71,0.02,0.6,5.0,0.4,0.3,4.883593392766793e-07,58,0.87
72,0.02,0.6,5.0,0.4,0.3,2.0878115004743113e-06,62,0.87
73,0.02,0.6,5.0,0.4,0.3,2.19435716711196e-05,69,0.87
74,0.02,0.6,5.0,0.4,0.3,9.782501131301522e-09,46,0.87
75,0.02,0.6,5.0,0.4,0.3,4.217536003723473e-05,71,0.87
76,0.02,0.6,5.0,0.4,0.3,0.6077293829831178,317,0.87
77,0.02,0.6,5.0,0.4,0.3,5.420220911704221e-07,58,0.87
78,0.02,0.6,5.0,0.4,0.3,0.8080057079471169,236,0.87
79,0.02,0.6,5.0,0.4,0.3,0.7708213301801593,308,0.87
80,0.02,0.6,5.0,0.4,0.3,0.8488490474156759,308,0.87
81,0.02,0.6,5.0,0.4,0.3,7.067675433275365e-08,52,0.87
82,0.02,0.6,5.0,0.4,0.3,0.0013142827110683016,83,0.87
83,0.02,0.6,5.0,0.4,0.3,1.0230433200439038e-07,53,0.87
84,0.02,0.6,5.0,0.4,0.3,0.00011496556470004739,75,0.87
85,0.02,0.6,5.0,0.4,0.3,7.5771809146558645e-06,66,0.87
86,0.02,0.6,5.0,0.4,0.3,5.030985705819171e-06,65,0.87
87,0.02,0.6,5.0,0.4,0.3,1.7993668526138138e-09,41,0.87
88,0.02,0.6,5.0,0.4,0.3,2.387248628870202e-05,70,0.87
89,0.02,0.6,5.0,0.4,0.3,5.16133053967129e-07,58,0.87
90,0.02,0.6,5.0,0.4,0.3,1.0110519671475651e-07,53,0.87
91,0.02,0.6,5.0,0.4,0.3,1.0580987197624478e-06,60,0.87
92,0.02,0.6,5.0,0.4,0.3,9.966771124962749e-08,53,0.87
93,0.02,0.6,5.0,0.4,0.3,5.7184399521957275e-06,65,0.87
94,0.02,0.6,5.0,0.4,0.3,2.790527063444052e-07,56,0.87
95,0.02,0.6,5.0,0.4,0.3,5.455001610164613e-07,58,0.87
96,0.02,0.6,5.0,0.4,0.3,2.914844789066924e-06,63,0.87
97,0.02,0.6,5.0,0.4,0.3,4.676091635842487e-05,72,0.87
98,0.02,0.6,5.0,0.4,0.3,1.428614573670688e-06,61,0.87
99,0.02,0.6,5.0,0.4,0.3,5.22266531629219e-06,65,0.87
100,0.02,0.6,5.0,0.4,0.3,4.931994469037515e-09,44,0.87
101,0.02,0.6,5.0,0.4,0.3,2.740989741565501e-06,63,0.87
102,0.02,0.6,5.0,0.4,0.3,3.986043944077025e-06,64,0.87
103,0.02,0.6,5.0,0.4,0.3,7.372070219152158e-07,59,0.87
104,0.02,0.6,5.0,0.4,0.3,3.0873720420238744e-05,70,0.87
105,0.02,0.6,5.0,0.4,0.3,5.235173197176344e-08,51,0.87
106,0.02,0.6,5.0,0.4,0.3,0.6424152139154249,319,0.87
107,0.02,0.6,5.0,0.4,0.3,2.569326925265039e-06,63,0.87
108,0.02,0.6,5.0,0.4,0.3,0.8809530993318678,295,0.87
109,0.02,0.6,5.0,0.4,0.3,3.874620645956547e-07,57,0.87
110,0.02,0.6,5.0,0.4,0.3,7.421935960626516e-05,73,0.87
111,0.02,0.6,5.0,0.4,0.3,1.9595770467773141e-07,55,0.87
112,0.02,0.6,5.0,0.4,0.3,6.096712376738986e-05,73,0.87
113,0.02,0.6,5.0,0.4,0.3,0.00015885442686553507,75,0.87
114,0.02,0.6,5.0,0.4,0.3,4.958303259667163e-09,44,0.87
115,0.02,0.6,5.0,0.4,0.3,5.183012934148755e-08,51,0.87
116,0.02,0.6,5.0,0.4,0.3,1.4352347097799228e-07,54,0.87
117,0.02,0.6,5.0,0.4,0.3,7.241738344444045e-05,73,0.87
118,0.02,0.6,5.0,0.4,0.3,5.439890413476015e-07,58,0.87
119,0.02,0.6,5.0,0.4,0.3,3.7093848925069405e-07,57,0.87
120,0.02,0.6,5.0,0.4,0.3,1.9930131779937642e-07,55,0.87
121,0.02,0.6,5.0,0.4,0.3,1.489445104845252e-06,61,0.87
122,0.02,0.6,5.0,0.4,0.3,8.079744074690701e-06,66,0.87
123,0.02,0.6,5.0,0.4,0.3,2.6460960260283115e-08,49,0.87
124,0.02,0.6,5.0,0.4,0.3,7.356533803038198e-08,52,0.87
125,0.02,0.6,5.0,0.4,0.3,2.030934294375775e-06,62,0.87
126,0.02,0.6,5.0,0.4,0.3,5.234068139721366e-07,58,0.87
127,0.02,0.6,5.0,0.4,0.3,6.0614167614993634e-05,72,0.87
128,0.02,0.6,5.0,0.4,0.3,0.7524885444860026,334,0.87
129,0.02,0.6,5.0,0.4,0.3,5.634670948514775e-06,65,0.87
130,0.02,0.6,5.0,0.4,0.3,1.4323317235417588e-07,54,0.87
131,0.02,0.6,5.0,0.4,0.3,1.8442107082331583e-06,62,0.87
132,0.02,0.6,5.0,0.4,0.3,1.2295529719209657e-05,68,0.87
133,0.02,0.6,5.0,0.4,0.3,1.074710578586366e-06,60,0.87
134,0.02,0.6,5.0,0.4,0.3,3.719418289536981e-06,64,0.87
135,0.02,0.6,5.0,0.4,0.3,0.8249874520473669,365,0.87
136,0.02,0.6,5.0,0.4,0.3,6.56887606185004e-05,73,0.87
137,0.02,0.6,5.0,0.4,0.3,3.098355150612457e-05,71,0.87
138,0.02,0.6,5.0,0.4,0.3,0.743214199416292,301,0.87
139,0.02,0.6,5.0,0.4,0.3,0.00013762047628417318,75,0.87
140,0.02,0.6,5.0,0.4,0.3,3.923680130425392e-06,64,0.87
141,0.02,0.6,5.0,0.4,0.3,0.6271271818930366,337,0.87
142,0.02,0.6,5.0,0.4,0.3,7.607694175329368e-07,59,0.87
143,0.02,0.6,5.0,0.4,0.3,0.8439070592433654,320,0.87
144,0.02,0.6,5.0,0.4,0.3,2.0447160516026737e-06,62,0.87
145,0.02,0.6,5.0,0.4,0.3,1.05486423942234e-06,60,0.87
146,0.02,0.6,5.0,0.4,0.3,3.7969142882751273e-07,57,0.87
147,0.02,0.6,5.0,0.4,0.3,1.4852763275601196e-06,61,0.87
148,0.02,0.6,5.0,0.4,0.3,0.0003691713756273656,78,0.87
149,0.02,0.6,5.0,0.4,0.3,2.1139866204775633e-06,62,0.87
150,0.02,0.6,5.0,0.4,0.3,3.9356029465319464e-07,57,0.87
151,0.02,0.6,5.0,0.4,0.3,2.1025490715216596e-06,62,0.87
152,0.02,0.6,5.0,0.4,0.3,7.947801515523889e-06,66,0.87
153,0.02,0.6,5.0,0.4,0.3,2.771601983976749e-07,56,0.87
154,0.02,0.6,5.0,0.4,0.3,5.566051062816772e-06,65,0.87
155,0.02,0.6,5.0,0.4,0.3,7.100689120198619e-08,52,0.87
156,0.02,0.6,5.0,0.4,0.3,0.0008479483232995666,80,0.87
157,0.02,0.6,5.0,0.4,0.3,2.0131523015584584e-07,55,0.87
158,0.02,0.6,5.0,0.4,0.3,0.721833596089019,278,0.87
159,0.02,0.6,5.0,0.4,0.3,1.4610645417556945e-06,61,0.87
160,0.02,0.6,5.0,0.4,0.3,0.00010778973613808438,74,0.87
161,0.02,0.6,5.0,0.4,0.3,1.4356184804234183e-07,54,0.87
162,0.02,0.6,5.0,0.4,0.3,0.875509488972926,319,0.87
163,0.02,0.6,5.0,0.4,0.3,7.168687114213357e-08,52,0.87
164,0.02,0.6,5.0,0.4,0.3,7.044427738524699e-08,52,0.87
165,0.02,0.6,5.0,0.4,0.3,1.0269999544755044e-05,67,0.87
166,0.02,0.6,5.0,0.4,0.3,2.519503219187343e-07,56,0.87
167,0.02,0.6,5.0,0.4,0.3,0.00011588564873709767,74,0.87
168,0.02,0.6,5.0,0.4,0.3,1.4455317541224377e-06,61,0.87
169,0.02,0.6,5.0,0.4,0.3,1.9948357372443303e-06,62,0.87
170,0.02,0.6,5.0,0.4,0.3,0.8202031260001017,198,0.87
171,0.02,0.6,5.0,0.4,0.3,1.017509140718935e-06,60,0.87
172,0.02,0.6,5.0,0.4,0.3,1.0169836865032495e-07,53,0.87
173,0.02,0.6,5.0,0.4,0.3,1.0133223307553967e-06,60,0.87
174,0.02,0.6,5.0,0.4,0.3,5.7012272043870316e-05,72,0.87
175,0.02,0.6,5.0,0.4,0.3,0.00010987672202621337,74,0.87
176,0.02,0.6,5.0,0.4,0.3,3.9121286147312293e-07,57,0.87
177,0.02,0.6,5.0,0.4,0.3,9.844429055017449e-08,53,0.87
178,0.02,0.6,5.0,0.4,0.3,0.8069748220889771,329,0.87
179,0.02,0.6,5.0,0.4,0.3,0.7666580959402037,303,0.87
180,0.02,0.6,5.0,0.4,0.3,5.249913372908051e-08,51,0.87
181,0.02,0.6,5.0,0.4,0.3,2.0096406141686548e-06,62,0.87
182,0.02,0.6,5.0,0.4,0.3,9.904961297407959e-08,53,0.87
183,0.02,0.6,5.0,0.4,0.3,0.001013764430397399,81,0.87
184,0.02,0.6,5.0,0.4,0.3,2.101594648986746e-05,69,0.87
185,0.02,0.6,5.0,0.4,0.3,1.8779584286806156e-08,48,0.87
186,0.02,0.6,5.0,0.4,0.3,1.2316530949843323e-05,68,0.87
187,0.02,0.6,5.0,0.4,0.3,3.919430727542295e-07,57,0.87
188,0.02,0.6,5.0,0.4,0.3,1.419672677339221e-06,61,0.87
189,0.02,0.6,5.0,0.4,0.3,5.510347135113874e-07,58,0.87
190,0.02,0.6,5.0,0.4,0.3,0.8123972870559983,312,0.87
191,0.02,0.6,5.0,0.4,0.3,7.649412052043774e-06,66,0.87
192,0.02,0.6,5.0,0.4,0.3,0.8232431005543275,241,0.87
193,0.02,0.6,5.0,0.4,0.3,0.7431176729908405,329,0.87
194,0.02,0.6,5.0,0.4,0.3,0.00028569470081391744,77,0.87
195,0.02,0.6,5.0,0.4,0.3,3.5221617031507554e-05,71,0.87
196,0.02,0.6,5.0,0.4,0.3,1.094534760534884e-05,67,0.87
197,0.02,0.6,5.0,0.4,0.3,4.157359101088713e-05,71,0.87
198,0.02,0.6,5.0,0.4,0.3,7.689895518617816e-07,59,0.87
199,0.02,0.6,5.0,0.4,0.3,1.3450423086232235e-07,54,0.87
200,0.03,0.6,5.0,0.4,0.3,0.775395986365499,292,0.73
201,0.03,0.6,5.0,0.4,0.3,1.4729946735463732e-07,53,0.73
202,0.03,0.6,5.0,0.4,0.3,1.051913696663632e-06,59,0.73
203,0.03,0.6,5.0,0.4,0.3,0.8559458909987092,263,0.73
204,0.03,0.6,5.0,0.4,0.3,0.8398730439082581,321,0.73
205,0.03,0.6,5.0,0.4,0.3,7.711625242076559e-08,51,0.73
206,0.03,0.6,5.0,0.4,0.3,4.354280409507847e-05,70,0.73
207,0.03,0.6,5.0,0.4,0.3,3.070880299802299e-06,62,0.73
208,0.03,0.6,5.0,0.4,0.3,1.0858554853664938e-07,52,0.73
209,0.03,0.6,5.0,0.4,0.3,0.8220952461223021,240,0.73
210,0.03,0.6,5.0,0.4,0.3,5.681592464521603e-06,64,0.73
211,0.03,0.6,5.0,0.4,0.3,2.4904175284470072e-05,70,0.73
212,0.03,0.6,5.0,0.4,0.3,0.001180024047100412,80,0.73
213,0.03,0.6,5.0,0.4,0.3,8.114058527830899e-07,58,0.73
214,0.03,0.6,5.0,0.4,0.3,0.7185752508952427,269,0.73
215,0.03,0.6,5.0,0.4,0.3,2.068226259378652e-07,54,0.73
216,0.03,0.6,5.0,0.4,0.3,0.0004057657480302785,77,0.73
217,0.03,0.6,5.0,0.4,0.3,2.0772809939333302e-07,54,0.73
218,0.03,0.6,5.0,0.4,0.3,0.7886903937649058,342,0.73
219,0.03,0.6,5.0,0.4,0.3,3.460633539735794e-05,70,0.73
220,0.03,0.6,5.0,0.4,0.3,2.1893326198168013e-06,61,0.73
221,0.03,0.6,5.0,0.4,0.3,9.649989836222913e-05,73,0.73
222,0.03,0.6,5.0,0.4,0.3,0.0003722126219043584,77,0.73
223,0.03,0.6,5.0,0.4,0.3,8.166417590340573e-07,58,0.73
224,0.03,0.6,5.0,0.4,0.3,0.7111067203018523,272,0.73
225,0.03,0.6,5.0,0.4,0.3,8.447114792412012e-06,65,0.73
226,0.03,0.6,5.0,0.4,0.3,4.1662734026544904e-07,56,0.73
227,0.03,0.6,5.0,0.4,0.3,5.508633337984841e-05,71,0.73
228,0.03,0.6,5.0,0.4,0.3,2.057157940428774e-06,61,0.73
229,0.03,0.6,5.0,0.4,0.3,0.8673919215934859,345,0.73
230,0.03,0.6,5.0,0.4,0.3,1.1450500610137237e-06,59,0.73
231,0.03,0.6,5.0,0.4,0.3,2.146444735475686e-07,54,0.73
232,0.03,0.6,5.0,0.4,0.3,0.858551687884985,360,0.73
233,0.03,0.6,5.0,0.4,0.3,0.837904529346527,299,0.73
234,0.03,0.6,5.0,0.4,0.3,3.5259654002052793e-06,63,0.73
235,0.03,0.6,5.0,0.4,0.3,3.743271770814312e-08,49,0.73
236,0.03,0.6,5.0,0.4,0.3,1.580592199043516e-06,60,0.73
237,0.03,0.6,5.0,0.4,0.3,0.8487434408670271,344,0.73
238,0.03,0.6,5.0,0.4,0.3,0.7280420605337197,330,0.73
239,0.03,0.6,5.0,0.4,0.3,2.211812200914495e-06,61,0.73
240,0.03,0.6,5.0,0.4,0.3,2.7676128215603934e-07,55,0.73
241,0.03,0.6,5.0,0.4,0.3,1.0864110310108086e-07,52,0.73
242,0.03,0.6,5.0,0.4,0.3,2.989907889891599e-06,62,0.73
243,0.03,0.6,5.0,0.4,0.3,3.9976623902895376e-07,56,0.73
244,0.03,0.6,5.0,0.4,0.3,0.7375790739879956,330,0.73
245,0.03,0.6,5.0,0.4,0.3,3.852453703870912e-08,49,0.73
246,0.03,0.6,5.0,0.4,0.3,0.8840565006813759,250,0.73
247,0.03,0.6,5.0,0.4,0.3,0.7515491391585842,329,0.73
248,0.03,0.6,5.0,0.4,0.3,5.419061241042033e-07,57,0.73
249,0.03,0.6,5.0,0.4,0.3,0.7295813644074327,342,0.73
250,0.03,0.6,5.0,0.4,0.3,4.179405792466362e-06,63,0.73
251,0.03,0.6,5.0,0.4,0.3,0.8560444269091476,291,0.73
252,0.03,0.6,5.0,0.4,0.3,6.174414015445409e-07,58,0.73
253,0.03,0.6,5.0,0.4,0.3,1.4606921433183513e-07,54,0.73
254,0.03,0.6,5.0,0.4,0.3,1.6114875600328596e-05,67,0.73
255,0.03,0.6,5.0,0.4,0.3,2.7498812874952154e-05,69,0.73
256,0.03,0.6,5.0,0.4,0.3,5.847994905257342e-07,57,0.73
257,0.03,0.6,5.0,0.4,0.3,0.8180454000656799,337,0.73
258,0.03,0.6,5.0,0.4,0.3,1.5432632859614699e-06,60,0.73
259,0.03,0.6,5.0,0.4,0.3,2.020938997217913e-07,54,0.73
260,0.03,0.6,5.0,0.4,0.3,7.4289492185360036e-09,44,0.73
261,0.03,0.6,5.0,0.4,0.3,1.2275792872225862e-05,66,0.73
262,0.03,0.6,5.0,0.4,0.3,1.9743756524596877e-07,54,0.73
263,0.03,0.6,5.0,0.4,0.3,5.5137047922739426e-08,50,0.73
264,0.03,0.6,5.0,0.4,0.3,0.7560259107827533,348,0.73
265,0.03,0.6,5.0,0.4,0.3,0.8593732299712146,324,0.73
266,0.03,0.6,5.0,0.4,0.3,7.581726163063722e-08,51,0.73
267,0.03,0.6,5.0,0.4,0.3,1.491892246293447e-07,53,0.73
268,0.03,0.6,5.0,0.4,0.3,0.7742666110666205,343,0.73
269,0.03,0.6,5.0,0.4,0.3,0.8417350459083208,334,0.73
270,0.03,0.6,5.0,0.4,0.3,1.6217942074405172e-06,60,0.73
271,0.03,0.6,5.0,0.4,0.3,0.8316852808458406,277,0.73
272,0.03,0.6,5.0,0.4,0.3,0.8400811163800858,304,0.73
273,0.03,0.6,5.0,0.4,0.3,7.585520209376505e-06,65,0.73
274,0.03,0.6,5.0,0.4,0.3,0.8210370788413314,316,0.73
275,0.03,0.6,5.0,0.4,0.3,1.6035904573219553e-06,60,0.73
276,0.03,0.6,5.0,0.4,0.3,1.15059896210432e-06,59,0.73
277,0.03,0.6,5.0,0.4,0.3,0.8218131413028295,338,0.73
278,0.03,0.6,5.0,0.4,0.3,1.5270109768572137e-07,53,0.73
279,0.03,0.6,5.0,0.4,0.3,3.2565071450908216e-05,69,0.73
280,0.03,0.6,5.0,0.4,0.3,5.6603396329314304e-05,71,0.73
281,0.03,0.6,5.0,0.4,0.3,2.203120130331518e-06,61,0.73
282,0.03,0.6,5.0,0.4,0.3,0.8824951491141502,313,0.73
283,0.03,0.6,5.0,0.4,0.3,7.784680275116027e-08,51,0.73
284,0.03,0.6,5.0,0.4,0.3,1.1138498156783787e-06,59,0.73
285,0.03,0.6,5.0,0.4,0.3,5.973904198611761e-06,64,0.73
286,0.03,0.6,5.0,0.4,0.3,7.067224664228818e-06,65,0.73
287,0.03,0.6,5.0,0.4,0.3,6.025340266058503e-05,71,0.73
288,0.03,0.6,5.0,0.4,0.3,1.1758474138384755e-05,66,0.73
289,0.03,0.6,5.0,0.4,0.3,2.115973667688146e-06,61,0.73
290,0.03,0.6,5.0,0.4,0.3,7.674120350685043e-08,51,0.73
291,0.03,0.6,5.0,0.4,0.3,5.5957930789663414e-08,50,0.73
292,0.03,0.6,5.0,0.4,0.3,1.417576542227485e-07,53,0.73
293,0.03,0.6,5.0,0.4,0.3,1.484091711851943e-07,53,0.73
294,0.03,0.6,5.0,0.4,0.3,3.846607958638962e-07,56,0.73
295,0.03,0.6,5.0,0.4,0.3,2.8090876506682097e-06,62,0.73
296,0.03,0.6,5.0,0.4,0.3,0.7815525459235036,259,0.73
297,0.03,0.6,5.0,0.4,0.3,7.792384771602633e-05,72,0.73
298,0.03,0.6,5.0,0.4,0.3,2.1656671890702384e-05,68,0.73
299,0.03,0.6,5.0,0.4,0.3,0.6855764333945309,318,0.73
300,0.03,0.6,5.0,0.4,0.3,1.1427556541363792e-06,59,0.73
301,0.03,0.6,5.0,0.4,0.3,1.5302603905484702e-05,67,0.73
302,0.03,0.6,5.0,0.4,0.3,2.8563805764623925e-08,48,0.73
303,0.03,0.6,5.0,0.4,0.3,1.5788025804021959e-06,60,0.73
304,0.03,0.6,5.0,0.4,0.3,3.979655764606047e-08,49,0.73
305,0.03,0.6,5.0,0.4,0.3,5.0833316816557966e-05,71,0.73
306,0.03,0.6,5.0,0.4,0.3,0.8914385917282758,318,0.73
307,0.03,0.6,5.0,0.4,0.3,2.944785108870367e-07,55,0.73
308,0.03,0.6,5.0,0.4,0.3,0.7866014297548586,258,0.73
309,0.03,0.6,5.0,0.4,0.3,0.7598055375954352,297,0.73
310,0.03,0.6,5.0,0.4,0.3,5.913347662583934e-06,64,0.73
311,0.03,0.6,5.0,0.4,0.3,0.7640257411461516,306,0.73
312,0.03,0.6,5.0,0.4,0.3,0.8362436908218004,338,0.73
313,0.03,0.6,5.0,0.4,0.3,0.0002732683526649941,76,0.73
314,0.03,0.6,5.0,0.4,0.3,0.8766636806009505,339,0.73
315,0.03,0.6,5.0,0.4,0.3,2.957116688709094e-07,55,0.73
316,0.03,0.6,5.0,0.4,0.3,8.090828958777903e-06,65,0.73
317,0.03,0.6,5.0,0.4,0.3,0.8523941511272963,345,0.73
318,0.03,0.6,5.0,0.4,0.3,0.7583303827945942,342,0.73
319,0.03,0.6,5.0,0.4,0.3,0.7637005676950552,345,0.73
320,0.03,0.6,5.0,0.4,0.3,0.8606372389897344,351,0.73
321,0.03,0.6,5.0,0.4,0.3,1.707173897051591e-05,67,0.73
322,0.03,0.6,5.0,0.4,0.3,0.8305777571931996,340,0.73
323,0.03,0.6,5.0,0.4,0.3,2.969952685001929e-07,55,0.73
324,0.03,0.6,5.0,0.4,0.3,0.009218012613149371,86,0.73
325,0.03,0.6,5.0,0.4,0.3,8.246103834145285e-07,58,0.73
326,0.03,0.6,5.0,0.4,0.3,8.158085369328715e-07,58,0.73
327,0.03,0.6,5.0,0.4,0.3,1.476095003216776e-06,60,0.73
328,0.03,0.6,5.0,0.4,0.3,0.8078225561078379,319,0.73
329,0.03,0.6,5.0,0.4,0.3,1.0365597345259137e-06,59,0.73
330,0.03,0.6,5.0,0.4,0.3,0.6661606843441531,304,0.73
331,0.03,0.6,5.0,0.4,0.3,5.324043525359738e-07,57,0.73
332,0.03,0.6,5.0,0.4,0.3,5.415552961106226e-07,57,0.73
333,0.03,0.6,5.0,0.4,0.3,1.4159892645090038e-07,53,0.73
334,0.03,0.6,5.0,0.4,0.3,0.0013761031127814257,81,0.73
335,0.03,0.6,5.0,0.4,0.3,2.0771532766241428e-07,54,0.73
336,0.03,0.6,5.0,0.4,0.3,6.934980026177296e-10,37,0.73
337,0.03,0.6,5.0,0.4,0.3,0.8498693418662576,328,0.73
338,0.03,0.6,5.0,0.4,0.3,9.720554659170484e-09,45,0.73
339,0.03,0.6,5.0,0.4,0.3,1.1326236657200218e-06,59,0.73
340,0.03,0.6,5.0,0.4,0.3,0.8253791051162416,307,0.73
341,0.03,0.6,5.0,0.4,0.3,0.8414663318778648,296,0.73
342,0.03,0.6,5.0,0.4,0.3,3.2648814894308534e-06,63,0.73
343,0.03,0.6,5.0,0.4,0.3,4.6013328481377984e-05,70,0.73
344,0.03,0.6,5.0,0.4,0.3,0.7690514053483792,364,0.73
345,0.03,0.6,5.0,0.4,0.3,0.778220904203066,309,0.73
346,0.03,0.6,5.0,0.4,0.3,8.949009454301209e-05,72,0.73
347,0.03,0.6,5.0,0.4,0.3,2.1808932164085885e-06,61,0.73
348,0.03,0.6,5.0,0.4,0.3,0.0003622316982231638,77,0.73
349,0.03,0.6,5.0,0.4,0.3,6.082322462247819e-06,64,0.73
350,0.03,0.6,5.0,0.4,0.3,2.1067828020826305e-07,54,0.73
351,0.03,0.6,5.0,0.4,0.3,3.138989568206582e-06,62,0.73
352,0.03,0.6,5.0,0.4,0.3,3.0791206510239685e-05,69,0.73
353,0.03,0.6,5.0,0.4,0.3,3.956761969652781e-05,70,0.73
354,0.03,0.6,5.0,0.4,0.3,1.5496448736977057e-07,53,0.73
355,0.03,0.6,5.0,0.4,0.3,8.831775222145169e-05,73,0.73
356,0.03,0.6,5.0,0.4,0.3,1.475650519872112e-07,53,0.73
357,0.03,0.6,5.0,0.4,0.3,0.7929447594121473,286,0.73
358,0.03,0.6,5.0,0.4,0.3,2.961518600495752e-07,55,0.73
359,0.03,0.6,5.0,0.4,0.3,1.6156810526723088e-06,60,0.73
360,0.03,0.6,5.0,0.4,0.3,1.0411164414679767e-06,59,0.73
361,0.03,0.6,5.0,0.4,0.3,0.7874915874023554,311,0.73
362,0.03,0.6,5.0,0.4,0.3,6.145478476974092e-06,64,0.73
363,0.03,0.6,5.0,0.4,0.3,2.090403802647215e-06,61,0.73
364,0.03,0.6,5.0,0.4,0.3,1.0984272626086416e-07,52,0.73
365,0.03,0.6,5.0,0.4,0.3,3.160762267776667e-06,62,0.73
366,0.03,0.6,5.0,0.4,0.3,9.539758017252344e-07,59,0.73
367,0.03,0.6,5.0,0.4,0.3,3.0091072534468025e-07,55,0.73
368,0.03,0.6,5.0,0.4,0.3,7.7478717221164e-07,58,0.73
369,0.03,0.6,5.0,0.4,0.3,3.5698963290747465e-06,63,0.73
370,0.03,0.6,5.0,0.4,0.3,1.6199114759216076e-06,60,0.73
371,0.03,0.6,5.0,0.4,0.3,2.8468105346445937e-06,62,0.73
372,0.03,0.6,5.0,0.4,0.3,6.26845779995913e-05,71,0.73
373,0.03,0.6,5.0,0.4,0.3,7.724177758986109e-08,51,0.73
374,0.03,0.6,5.0,0.4,0.3,5.552742042386198e-06,64,0.73
375,0.03,0.6,5.0,0.4,0.3,0.6237844155826766,312,0.73
376,0.03,0.6,5.0,0.4,0.3,0.8831645808844507,263,0.73
377,0.03,0.6,5.0,0.4,0.3,4.315973731399153e-06,63,0.73
378,0.03,0.6,5.0,0.4,0.3,7.030850495426955e-07,58,0.73
379,0.03,0.6,5.0,0.4,0.3,1.948528555400297e-06,61,0.73
380,0.03,0.6,5.0,0.4,0.3,2.0428984797192366e-08,47,0.73
381,0.03,0.6,5.0,0.4,0.3,0.7763675315541209,347,0.73
382,0.03,0.6,5.0,0.4,0.3,3.16354562883352e-06,62,0.73
383,0.03,0.6,5.0,0.4,0.3,0.7627699066606887,316,0.73
384,0.03,0.6,5.0,0.4,0.3,1.5642802139472133e-06,60,0.73
385,0.03,0.6,5.0,0.4,0.3,8.41226743188502e-06,65,0.73
386,0.03,0.6,5.0,0.4,0.3,7.648300744002742e-08,51,0.73
387,0.03,0.6,5.0,0.4,0.3,8.340479076313703e-06,65,0.73
388,0.03,0.6,5.0,0.4,0.3,5.602797946278273e-07,57,0.73
389,0.03,0.6,5.0,0.4,0.3,5.6384963396698533e-08,50,0.73
390,0.03,0.6,5.0,0.4,0.3,3.036799454537193e-06,62,0.73
391,0.03,0.6,5.0,0.4,0.3,2.9931882196726368e-05,69,0.73
392,0.03,0.6,5.0,0.4,0.3,1.5931741213598447e-05,67,0.73
393,0.03,0.6,5.0,0.4,0.3,2.2418786824799065e-06,61,0.73
394,0.03,0.6,5.0,0.4,0.3,0.8403921564514653,194,0.73
395,0.03,0.6,5.0,0.4,0.3,4.3632599044377666e-06,63,0.73
396,0.03,0.6,5.0,0.4,0.3,8.151275726745653e-05,72,0.73
397,0.03,0.6,5.0,0.4,0.3,2.2362396271856935e-06,61,0.73
398,0.03,0.6,5.0,0.4,0.3,4.236206488836817e-05,70,0.73
399,0.03,0.6,5.0,0.4,0.3,3.7325618831631146e-08,49,0.73
400,0.04,0.6,5.0,0.4,0.3,1.0141478995133215e-05,65,0.62
401,0.04,0.6,5.0,0.4,0.3,1.5088734601160227e-06,59,0.62
402,0.04,0.6,5.0,0.4,0.3,5.722737921664343e-06,63,0.62
403,0.04,0.6,5.0,0.4,0.3,3.6377052766613388e-06,62,0.62
404,0.04,0.6,5.0,0.4,0.3,0.7667226605927895,315,0.62
405,0.04,0.6,5.0,0.4,0.3,0.8668705294035074,336,0.62
406,0.04,0.6,5.0,0.4,0.3,5.857763463462694e-05,70,0.62
407,0.04,0.6,5.0,0.4,0.3,1.4572028182191622e-07,52,0.62
408,0.04,0.6,5.0,0.4,0.3,3.2075526407046236e-05,69,0.62
409,0.04,0.6,5.0,0.4,0.3,2.614495190626133e-08,47,0.62
410,0.04,0.6,5.0,0.4,0.3,9.431955511386194e-07,58,0.62
411,0.04,0.6,5.0,0.4,0.3,1.0274035836209616e-06,58,0.62
412,0.04,0.6,5.0,0.4,0.3,7.81070115672615e-05,71,0.62
413,0.04,0.6,5.0,0.4,0.3,0.00010908136763638625,72,0.62
414,0.04,0.6,5.0,0.4,0.3,5.64023470824267e-06,63,0.62
415,0.04,0.6,5.0,0.4,0.3,2.236410254307057e-05,67,0.62
416,0.04,0.6,5.0,0.4,0.3,0.00011153189437146139,72,0.62
417,0.04,0.6,5.0,0.4,0.3,0.0005446652536900996,77,0.62
418,0.04,0.6,5.0,0.4,0.3,0.8727788506557781,341,0.62
419,0.04,0.6,5.0,0.4,0.3,9.985683551810672e-08,51,0.62
420,0.04,0.6,5.0,0.4,0.3,0.8741448226997187,299,0.62
421,0.04,0.6,5.0,0.4,0.3,7.315093361950554e-08,50,0.62
422,0.04,0.6,5.0,0.4,0.3,0.7825821264739277,349,0.62
423,0.04,0.6,5.0,0.4,0.3,1.9477073257922754e-07,53,0.62
424,0.04,0.6,5.0,0.4,0.3,5.054650353556107e-08,49,0.62
425,0.04,0.6,5.0,0.4,0.3,1.2122539331952905e-06,59,0.62
426,0.04,0.6,5.0,0.4,0.3,0.8616639655346431,301,0.62
427,0.04,0.6,5.0,0.4,0.3,0.6852976175627965,331,0.62
428,0.04,0.6,5.0,0.4,0.3,5.950615119635364e-06,63,0.62
429,0.04,0.6,5.0,0.4,0.3,0.7644324915468728,342,0.62
430,0.04,0.6,5.0,0.4,0.3,9.758418738231074e-07,58,0.62
431,0.04,0.6,5.0,0.4,0.3,0.8391385236737124,295,0.62
432,0.04,0.6,5.0,0.4,0.3,1.3472964830903103e-05,66,0.62
433,0.04,0.6,5.0,0.4,0.3,5.383461569686767e-05,71,0.62
434,0.04,0.6,5.0,0.4,0.3,0.8631295181222682,351,0.62
435,0.04,0.6,5.0,0.4,0.3,0.8853110501597116,318,0.62
436,0.04,0.6,5.0,0.4,0.3,1.055240091003964e-06,58,0.62
437,0.04,0.6,5.0,0.4,0.3,0.8242369372215766,308,0.62
438,0.04,0.6,5.0,0.4,0.3,3.6202683289400077e-06,62,0.62
439,0.04,0.6,5.0,0.4,0.3,4.823986241834651e-06,63,0.62
440,0.04,0.6,5.0,0.4,0.3,0.7681390973837064,336,0.62
441,0.04,0.6,5.0,0.4,0.3,0.6871557217109553,348,0.62
442,0.04,0.6,5.0,0.4,0.3,0.8564887277039398,326,0.62
443,0.04,0.6,5.0,0.4,0.3,0.752473306729151,327,0.62
444,0.04,0.6,5.0,0.4,0.3,4.835881547594734e-10,35,0.62
445,0.04,0.6,5.0,0.4,0.3,0.8573022449289084,301,0.62
446,0.04,0.6,5.0,0.4,0.3,0.7511659803164803,328,0.62
447,0.04,0.6,5.0,0.4,0.3,0.7062258339199718,338,0.62
448,0.04,0.6,5.0,0.4,0.3,9.298529351120369e-07,58,0.62
449,0.04,0.6,5.0,0.4,0.3,9.209143670839148e-08,51,0.62
450,0.04,0.6,5.0,0.4,0.3,0.8562237614954309,268,0.62
451,0.04,0.6,5.0,0.4,0.3,2.7744965490727122e-06,61,0.62
452,0.04,0.6,5.0,0.4,0.3,4.28263275014247e-05,70,0.62
453,0.04,0.6,5.0,0.4,0.3,0.8706525822836212,331,0.62
454,0.04,0.6,5.0,0.4,0.3,0.00011271458832538567,72,0.62
455,0.04,0.6,5.0,0.4,0.3,7.572598079780747e-05,71,0.62
456,0.04,0.6,5.0,0.4,0.3,0.8202961066020393,283,0.62
457,0.04,0.6,5.0,0.4,0.3,0.834975806099201,301,0.62
458,0.04,0.6,5.0,0.4,0.3,0.0013599287769993336,81,0.62
459,0.04,0.6,5.0,0.4,0.3,7.509955148473067e-08,50,0.62
460,0.04,0.6,5.0,0.4,0.3,1.1194278028051033e-05,65,0.62
461,0.04,0.6,5.0,0.4,0.3,2.8193407878606766e-06,61,0.62
462,0.04,0.6,5.0,0.4,0.3,9.98497405438964e-05,72,0.62
463,0.04,0.6,5.0,0.4,0.3,4.008656686517947e-07,55,0.62
464,0.04,0.6,5.0,0.4,0.3,0.8116773163923002,331,0.62
465,0.04,0.6,5.0,0.4,0.3,0.8669648799230353,307,0.62
466,0.04,0.6,5.0,0.4,0.3,3.984577196559964e-05,69,0.62
467,0.04,0.6,5.0,0.4,0.3,0.7192062083035559,343,0.62
468,0.04,0.6,5.0,0.4,0.3,0.7750102061285565,290,0.62
469,0.04,0.6,5.0,0.4,0.3,3.496666949281906e-08,48,0.62
470,0.04,0.6,5.0,0.4,0.3,0.8649308623366504,343,0.62
471,0.04,0.6,5.0,0.4,0.3,2.9166332197432948e-06,61,0.62
472,0.04,0.6,5.0,0.4,0.3,2.7547552496301464e-06,61,0.62
473,0.04,0.6,5.0,0.4,0.3,3.7986913319761824e-07,55,0.62
474,0.04,0.6,5.0,0.4,0.3,0.003756680133835322,84,0.62
475,0.04,0.6,5.0,0.4,0.3,0.000144954480800656,73,0.62
476,0.04,0.6,5.0,0.4,0.3,4.0917858107121447e-05,69,0.62
477,0.04,0.6,5.0,0.4,0.3,0.7929776958906245,306,0.62
478,0.04,0.6,5.0,0.4,0.3,5.408990365690897e-07,56,0.62
479,0.04,0.6,5.0,0.4,0.3,0.4089528496282818,101,0.62
480,0.04,0.6,5.0,0.4,0.3,1.9816390754658042e-07,53,0.62
481,0.04,0.6,5.0,0.4,0.3,5.337801357347976e-06,63,0.62
482,0.04,0.6,5.0,0.4,0.3,4.060640608439012e-06,62,0.62
483,0.04,0.6,5.0,0.4,0.3,0.8304162561875226,342,0.62
484,0.04,0.6,5.0,0.4,0.3,1.4725375086079674e-06,59,0.62
485,0.04,0.6,5.0,0.4,0.3,5.356353737411786e-05,70,0.62
486,0.04,0.6,5.0,0.4,0.3,0.7622382005785401,321,0.62
487,0.04,0.6,5.0,0.4,0.3,1.047384719755221e-05,65,0.62
488,0.04,0.6,5.0,0.4,0.3,1.0442558507003041e-07,51,0.62
489,0.04,0.6,5.0,0.4,0.3,5.364583147967796e-07,56,0.62
490,0.04,0.6,5.0,0.4,0.3,0.7480160548877568,325,0.62
491,0.04,0.6,5.0,0.4,0.3,2.5515315726285156e-06,61,0.62
492,0.04,0.6,5.0,0.4,0.3,0.8573815185758721,357,0.62
493,0.04,0.6,5.0,0.4,0.3,0.8185655586993364,296,0.62
494,0.04,0.6,5.0,0.4,0.3,2.9804840817495688e-05,68,0.62
495,0.04,0.6,5.0,0.4,0.3,0.000139402989311249,74,0.62
496,0.04,0.6,5.0,0.4,0.3,0.0010212117440175684,79,0.62
497,0.04,0.6,5.0,0.4,0.3,0.5454775334596337,302,0.62
498,0.04,0.6,5.0,0.4,0.3,0.6607938069619191,209,0.62
499,0.04,0.6,5.0,0.4,0.3,1.6884386185180753e-06,60,0.62
500,0.04,0.6,5.0,0.4,0.3,1.085821768831068e-05,65,0.62
501,0.04,0.6,5.0,0.4,0.3,1.0703763596373983e-05,65,0.62
502,0.04,0.6,5.0,0.4,0.3,0.8135807517742336,277,0.62
503,0.04,0.6,5.0,0.4,0.3,0.0005716834253488523,77,0.62
504,0.04,0.6,5.0,0.4,0.3,5.551803269212105e-07,56,0.62
505,0.04,0.6,5.0,0.4,0.3,8.006403700899838e-06,64,0.62
506,0.04,0.6,5.0,0.4,0.3,0.8286141278262263,318,0.62
507,0.04,0.6,5.0,0.4,0.3,0.8253517163513505,349,0.62
508,0.04,0.6,5.0,0.4,0.3,4.126889720513668e-06,62,0.62
509,0.04,0.6,5.0,0.4,0.3,2.69553921590997e-07,54,0.62
510,0.04,0.6,5.0,0.4,0.3,3.96427638807162e-05,69,0.62
511,0.04,0.6,5.0,0.4,0.3,5.2658353533985595e-08,49,0.62
512,0.04,0.6,5.0,0.4,0.3,6.718158598524383e-05,71,0.62
513,0.04,0.6,5.0,0.4,0.3,1.4705850653460056e-06,59,0.62
514,0.04,0.6,5.0,0.4,0.3,1.3203041239165208e-07,52,0.62
515,0.04,0.6,5.0,0.4,0.3,0.8271504842913424,240,0.62
516,0.04,0.6,5.0,0.4,0.3,7.103567520758608e-06,64,0.62
517,0.04,0.6,5.0,0.4,0.3,9.27853628849755e-07,58,0.62
518,0.04,0.6,5.0,0.4,0.3,0.8112808952424441,352,0.62
519,0.04,0.6,5.0,0.4,0.3,6.975583856779724e-07,57,0.62
520,0.04,0.6,5.0,0.4,0.3,0.8914171245271103,336,0.62
521,0.04,0.6,5.0,0.4,0.3,0.8086745581668764,342,0.62
522,0.04,0.6,5.0,0.4,0.3,5.741421455294435e-06,63,0.62
523,0.04,0.6,5.0,0.4,0.3,0.8110658689899318,331,0.62
524,0.04,0.6,5.0,0.4,0.3,7.220539345175547e-05,71,0.62
525,0.04,0.6,5.0,0.4,0.3,1.0717558083717884e-05,65,0.62
526,0.04,0.6,5.0,0.4,0.3,0.0003235884938817736,76,0.62
527,0.04,0.6,5.0,0.4,0.3,0.8332749957204395,311,0.62
528,0.04,0.6,5.0,0.4,0.3,0.8259470586016486,334,0.62
529,0.04,0.6,5.0,0.4,0.3,0.8500983123721065,277,0.62
530,0.04,0.6,5.0,0.4,0.3,3.760475757295441e-05,69,0.62
531,0.04,0.6,5.0,0.4,0.3,5.71816867314541e-06,63,0.62
532,0.04,0.6,5.0,0.4,0.3,0.7351432620414321,331,0.62
533,0.04,0.6,5.0,0.4,0.3,7.840610863145789e-06,64,0.62
534,0.04,0.6,5.0,0.4,0.3,1.8274396622280662e-08,46,0.62
535,0.04,0.6,5.0,0.4,0.3,0.8417174387453104,331,0.62
536,0.04,0.6,5.0,0.4,0.3,7.927400026248036e-06,64,0.62
537,0.04,0.6,5.0,0.4,0.3,0.809118379057597,303,0.62
538,0.04,0.6,5.0,0.4,0.3,2.1455114363017375e-05,67,0.62
539,0.04,0.6,5.0,0.4,0.3,0.8505099258436073,314,0.62
540,0.04,0.6,5.0,0.4,0.3,0.8067984718643688,337,0.62
541,0.04,0.6,5.0,0.4,0.3,6.242709126466976e-08,50,0.62
542,0.04,0.6,5.0,0.4,0.3,0.8624806505636033,325,0.62
543,0.04,0.6,5.0,0.4,0.3,0.7559855863248113,346,0.62
544,0.04,0.6,5.0,0.4,0.3,2.0422315866631625e-07,53,0.62
545,0.04,0.6,5.0,0.4,0.3,0.6811663155384821,330,0.62
546,0.04,0.6,5.0,0.4,0.3,0.5123593455273666,307,0.62
547,0.04,0.6,5.0,0.4,0.3,0.8794471954683185,339,0.62
548,0.04,0.6,5.0,0.4,0.3,5.2369674512575927e-05,71,0.62
549,0.04,0.6,5.0,0.4,0.3,0.851075623814063,317,0.62
550,0.04,0.6,5.0,0.4,0.3,1.6173633865404025e-05,66,0.62
551,0.04,0.6,5.0,0.4,0.3,0.5700736576069835,285,0.62
552,0.04,0.6,5.0,0.4,0.3,9.523096249950609e-07,58,0.62
553,0.04,0.6,5.0,0.4,0.3,9.730579379664321e-08,51,0.62
554,0.04,0.6,5.0,0.4,0.3,6.135874104121617e-08,50,0.62
555,0.04,0.6,5.0,0.4,0.3,0.8728128977735107,270,0.62
556,0.04,0.6,5.0,0.4,0.3,0.8870794607678908,335,0.62
557,0.04,0.6,5.0,0.4,0.3,3.074331732701982e-05,68,0.62
558,0.04,0.6,5.0,0.4,0.3,2.6722919107381273e-06,61,0.62
559,0.04,0.6,5.0,0.4,0.3,0.7902299627851239,248,0.62
560,0.04,0.6,5.0,0.4,0.3,0.001350365582623519,81,0.62
561,0.04,0.6,5.0,0.4,0.3,0.7678269272739765,287,0.62
562,0.04,0.6,5.0,0.4,0.3,4.17706382465315e-05,69,0.62
563,0.04,0.6,5.0,0.4,0.3,1.1129472545225229e-07,52,0.62
564,0.04,0.6,5.0,0.4,0.3,4.318495958477253e-06,63,0.62
565,0.04,0.6,5.0,0.4,0.3,0.7634706565979669,322,0.62
566,0.04,0.6,5.0,0.4,0.3,7.975742837452792e-06,65,0.62
567,0.04,0.6,5.0,0.4,0.3,2.2271211771364456e-05,67,0.62
568,0.04,0.6,5.0,0.4,0.3,0.00016033610183120627,73,0.62
569,0.04,0.6,5.0,0.4,0.3,2.1639206412638122e-05,67,0.62
570,0.04,0.6,5.0,0.4,0.3,5.468475028512496e-07,56,0.62
571,0.04,0.6,5.0,0.4,0.3,0.8501542479380372,297,0.62
572,0.04,0.6,5.0,0.4,0.3,0.821176029788044,292,0.62
573,0.04,0.6,5.0,0.4,0.3,0.7472584284271642,233,0.62
574,0.04,0.6,5.0,0.4,0.3,0.6820018385859515,321,0.62
575,0.04,0.6,5.0,0.4,0.3,3.863898909563828e-07,55,0.62
576,0.04,0.6,5.0,0.4,0.3,0.0012083008554115802,79,0.62
577,0.04,0.6,5.0,0.4,0.3,2.1428426347688486e-05,67,0.62
578,0.04,0.6,5.0,0.4,0.3,0.8519466204766301,340,0.62
579,0.04,0.6,5.0,0.4,0.3,1.37010063461724e-07,52,0.62
580,0.04,0.6,5.0,0.4,0.3,0.8415232290138702,319,0.62
581,0.04,0.6,5.0,0.4,0.3,1.3335146667486453e-05,66,0.62
582,0.04,0.6,5.0,0.4,0.3,5.290899323684658e-06,63,0.62
583,0.04,0.6,5.0,0.4,0.3,9.510282736801127e-06,65,0.62
584,0.04,0.6,5.0,0.4,0.3,2.1222093437121433e-06,60,0.62
585,0.04,0.6,5.0,0.4,0.3,0.6555532917299197,341,0.62
586,0.04,0.6,5.0,0.4,0.3,2.7278659361830526e-06,61,0.62
587,0.04,0.6,5.0,0.4,0.3,0.847255885902405,340,0.62
588,0.04,0.6,5.0,0.4,0.3,0.0003921037820171716,76,0.62
589,0.04,0.6,5.0,0.4,0.3,0.7891637878490617,328,0.62
590,0.04,0.6,5.0,0.4,0.3,2.188640091023482e-05,67,0.62
591,0.04,0.6,5.0,0.4,0.3,1.0807155769868828e-05,65,0.62
592,0.04,0.6,5.0,0.4,0.3,7.49214488054076e-06,64,0.62
593,0.04,0.6,5.0,0.4,0.3,0.8125694465901413,364,0.62
594,0.04,0.6,5.0,0.4,0.3,0.0039835141940730715,83,0.62
595,0.04,0.6,5.0,0.4,0.3,9.824976182783772e-09,44,0.62
596,0.04,0.6,5.0,0.4,0.3,1.3442441530871406e-07,52,0.62
597,0.04,0.6,5.0,0.4,0.3,4.046705878083997e-06,62,0.62
598,0.04,0.6,5.0,0.4,0.3,3.907214416386103e-07,55,0.62
599,0.04,0.6,5.0,0.4,0.3,0.8350686898092197,235,0.62
600,0.05,0.6,5.0,0.4,0.3,2.523172933454598e-06,60,0.53
601,0.05,0.6,5.0,0.4,0.3,0.72489290742812,162,0.53
602,0.05,0.6,5.0,0.4,0.3,0.7669728919372422,335,0.53
603,0.05,0.6,5.0,0.4,0.3,1.759243973111522e-05,66,0.53
604,0.05,0.6,5.0,0.4,0.3,0.8408025751455366,338,0.53
605,0.05,0.6,5.0,0.4,0.3,3.0999963551057035e-08,47,0.53
606,0.05,0.6,5.0,0.4,0.3,0.7803400473414273,315,0.53
607,0.05,0.6,5.0,0.4,0.3,0.8394239353037777,315,0.53
608,0.05,0.6,5.0,0.4,0.3,0.7491117807132833,332,0.53
609,0.05,0.6,5.0,0.4,0.3,4.476346736080527e-05,69,0.53
610,0.05,0.6,5.0,0.4,0.3,9.34976766430261e-05,71,0.53
611,0.05,0.6,5.0,0.4,0.3,0.8284608462274129,296,0.53
612,0.05,0.6,5.0,0.4,0.3,6.437623979444e-07,56,0.53
613,0.05,0.6,5.0,0.4,0.3,0.7718925596830613,319,0.53
614,0.05,0.6,5.0,0.4,0.3,4.359176634954387e-07,55,0.53
615,0.05,0.6,5.0,0.4,0.3,0.8436362267082393,330,0.53
616,0.05,0.6,5.0,0.4,0.3,0.8416645399203985,250,0.53
617,0.05,0.6,5.0,0.4,0.3,1.6146643930532569e-06,59,0.53
618,0.05,0.6,5.0,0.4,0.3,3.6436242767602245e-06,61,0.53
619,0.05,0.6,5.0,0.4,0.3,3.354783286110212e-05,68,0.53
620,0.05,0.6,5.0,0.4,0.3,7.204043559102405e-06,64,0.53
621,0.05,0.6,5.0,0.4,0.3,0.8153027426143313,311,0.53
622,0.05,0.6,5.0,0.4,0.3,7.25714880289941e-06,63,0.53
623,0.05,0.6,5.0,0.4,0.3,1.7918000074768765e-07,52,0.53
624,0.05,0.6,5.0,0.4,0.3,0.8726563571225874,310,0.53
625,0.05,0.6,5.0,0.4,0.3,0.8121103329098641,328,0.53
626,0.05,0.6,5.0,0.4,0.3,0.835204074546915,288,0.53
627,0.05,0.6,5.0,0.4,0.3,0.8579367317683185,346,0.53
628,0.05,0.6,5.0,0.4,0.3,0.841338065007942,277,0.53
629,0.05,0.6,5.0,0.4,0.3,6.24200382817749e-07,56,0.53
630,0.05,0.6,5.0,0.4,0.3,4.9042563773099374e-05,69,0.53
631,0.05,0.6,5.0,0.4,0.3,0.8351903731481668,254,0.53
632,0.05,0.6,5.0,0.4,0.3,4.389523005745841e-09,41,0.53
633,0.05,0.6,5.0,0.4,0.3,0.8207317306004677,301,0.53
634,0.05,0.6,5.0,0.4,0.3,0.7373095800218912,260,0.53
635,0.05,0.6,5.0,0.4,0.3,0.8767960613931131,267,0.53
636,0.05,0.6,5.0,0.4,0.3,2.5262835878248095e-06,60,0.53
637,0.05,0.6,5.0,0.4,0.3,0.7863937382509392,231,0.53
638,0.05,0.6,5.0,0.4,0.3,0.8876847209342106,306,0.53
639,0.05,0.6,5.0,0.4,0.3,1.0259999928968452e-05,64,0.53
640,0.05,0.6,5.0,0.4,0.3,9.387278680818023e-07,57,0.53
641,0.05,0.6,5.0,0.4,0.3,0.8534876321099425,267,0.53
642,0.05,0.6,5.0,0.4,0.3,0.0001976299374148653,74,0.53
643,0.05,0.6,5.0,0.4,0.3,9.527330208414143e-07,57,0.53
644,0.05,0.6,5.0,0.4,0.3,8.338309195210489e-05,71,0.53
645,0.05,0.6,5.0,0.4,0.3,0.8259465583929718,358,0.53
646,0.05,0.6,5.0,0.4,0.3,0.7876784834274018,319,0.53
647,0.05,0.6,5.0,0.4,0.3,6.937378632120246e-06,63,0.53
648,0.05,0.6,5.0,0.4,0.3,6.101425577324066e-06,63,0.53
649,0.05,0.6,5.0,0.4,0.3,3.5789755630202153e-07,54,0.53
650,0.05,0.6,5.0,0.4,0.3,3.592738724543794e-05,68,0.53
651,0.05,0.6,5.0,0.4,0.3,2.487331446876387e-07,53,0.53
652,0.05,0.6,5.0,0.4,0.3,9.63331822940875e-06,64,0.53
653,0.05,0.6,5.0,0.4,0.3,0.769562794520349,353,0.53
654,0.05,0.6,5.0,0.4,0.3,0.8478485413080309,288,0.53
655,0.05,0.6,5.0,0.4,0.3,2.4307149720104083e-07,53,0.53
656,0.05,0.6,5.0,0.4,0.3,0.6523511431050036,286,0.53
657,0.05,0.6,5.0,0.4,0.3,0.8151592456539493,301,0.53
658,0.05,0.6,5.0,0.4,0.3,3.372994258956174e-07,54,0.53
659,0.05,0.6,5.0,0.4,0.3,0.8199583015531248,342,0.53
660,0.05,0.6,5.0,0.4,0.3,0.687135979828259,245,0.53
661,0.05,0.6,5.0,0.4,0.3,0.7380034070927755,313,0.53
662,0.05,0.6,5.0,0.4,0.3,0.8365562218218877,362,0.53
663,0.05,0.6,5.0,0.4,0.3,0.8810245343532735,200,0.53
664,0.05,0.6,5.0,0.4,0.3,7.832734472373122e-06,64,0.53
665,0.05,0.6,5.0,0.4,0.3,7.336102648946397e-05,70,0.53
666,0.05,0.6,5.0,0.4,0.3,2.7047644697318663e-05,67,0.53
667,0.05,0.6,5.0,0.4,0.3,1.0941250963141023e-05,65,0.53
668,0.05,0.6,5.0,0.4,0.3,0.8504786650435763,315,0.53
669,0.05,0.6,5.0,0.4,0.3,0.8407891248966584,362,0.53
670,0.05,0.6,5.0,0.4,0.3,1.907838441673471e-05,66,0.53
671,0.05,0.6,5.0,0.4,0.3,2.2203817288328837e-08,46,0.53
672,0.05,0.6,5.0,0.4,0.3,0.8201327093952411,337,0.53
673,0.05,0.6,5.0,0.4,0.3,0.8550012630493211,266,0.53
674,0.05,0.6,5.0,0.4,0.3,0.8823142929748053,334,0.53
675,0.05,0.6,5.0,0.4,0.3,0.7520206999043709,325,0.53
676,0.05,0.6,5.0,0.4,0.3,1.3481671038433486e-06,58,0.53
677,0.05,0.6,5.0,0.4,0.3,4.7669046660335217e-05,69,0.53
678,0.05,0.6,5.0,0.4,0.3,8.827015696556636e-06,64,0.53
679,0.05,0.6,5.0,0.4,0.3,0.8734229899176801,272,0.53
680,0.05,0.6,5.0,0.4,0.3,1.3613203745163384e-06,58,0.53
681,0.05,0.6,5.0,0.4,0.3,0.8077392065246985,313,0.53
682,0.05,0.6,5.0,0.4,0.3,8.858069589110713e-06,65,0.53
683,0.05,0.6,5.0,0.4,0.3,0.7397528760895999,331,0.53
684,0.05,0.6,5.0,0.4,0.3,0.8687871515283998,360,0.53
685,0.05,0.6,5.0,0.4,0.3,7.319958159117007e-06,63,0.53
686,0.05,0.6,5.0,0.4,0.3,5.106904715618924e-06,62,0.53
687,0.05,0.6,5.0,0.4,0.3,6.529787004244671e-08,49,0.53
688,0.05,0.6,5.0,0.4,0.3,6.948165410976017e-06,63,0.53
689,0.05,0.6,5.0,0.4,0.3,9.344839391063694e-05,71,0.53
690,0.05,0.6,5.0,0.4,0.3,2.4975113452796274e-07,53,0.53
691,0.05,0.6,5.0,0.4,0.3,1.149709168895904e-05,65,0.53
692,0.05,0.6,5.0,0.4,0.3,2.761563225957402e-05,67,0.53
693,0.05,0.6,5.0,0.4,0.3,0.8362974577017829,321,0.53
694,0.05,0.6,5.0,0.4,0.3,3.766844643716898e-05,68,0.53
695,0.05,0.6,5.0,0.4,0.3,0.8062594405971791,358,0.53
696,0.05,0.6,5.0,0.4,0.3,4.893484268400842e-07,55,0.53
697,0.05,0.6,5.0,0.4,0.3,6.502211878814954e-07,56,0.53
698,0.05,0.6,5.0,0.4,0.3,0.8762564499624382,325,0.53
699,0.05,0.6,5.0,0.4,0.3,0.7715279529874277,325,0.53
700,0.05,0.6,5.0,0.4,0.3,8.803576216513623e-06,64,0.53
701,0.05,0.6,5.0,0.4,0.3,0.8929388121156925,346,0.53
702,0.05,0.6,5.0,0.4,0.3,8.925392251646194e-08,50,0.53
703,0.05,0.6,5.0,0.4,0.3,1.7855963771396575e-07,52,0.53
704,0.05,0.6,5.0,0.4,0.3,6.540095448604121e-06,63,0.53
705,0.05,0.6,5.0,0.4,0.3,0.731763347660236,324,0.53
706,0.05,0.6,5.0,0.4,0.3,0.876149046518946,364,0.53
707,0.05,0.6,5.0,0.4,0.3,0.7869342947495926,347,0.53
708,0.05,0.6,5.0,0.4,0.3,0.7082371945751706,294,0.53
709,0.05,0.6,5.0,0.4,0.3,0.83021129963824,320,0.53
710,0.05,0.6,5.0,0.4,0.3,3.389030958289065e-05,68,0.53
711,0.05,0.6,5.0,0.4,0.3,0.7526238864822622,337,0.53
712,0.05,0.6,5.0,0.4,0.3,0.00016290486955391554,73,0.53
713,0.05,0.6,5.0,0.4,0.3,0.8037572963770586,314,0.53
714,0.05,0.6,5.0,0.4,0.3,2.3046394961844645e-05,67,0.53
715,0.05,0.6,5.0,0.4,0.3,8.459303511008238e-08,50,0.53
716,0.05,0.6,5.0,0.4,0.3,9.065591452683063e-05,71,0.53
717,0.05,0.6,5.0,0.4,0.3,0.6643823113716575,311,0.53
718,0.05,0.6,5.0,0.4,0.3,0.7879633885354275,321,0.53
719,0.05,0.6,5.0,0.4,0.3,0.8224893743278849,315,0.53
720,0.05,0.6,5.0,0.4,0.3,0.8668445020587945,338,0.53
721,0.05,0.6,5.0,0.4,0.3,1.1408793019090302e-06,58,0.53
722,0.05,0.6,5.0,0.4,0.3,1.3672233931812019e-05,65,0.53
723,0.05,0.6,5.0,0.4,0.3,0.8678677304870378,236,0.53
724,0.05,0.6,5.0,0.4,0.3,0.6021514614465537,339,0.53
725,0.05,0.6,5.0,0.4,0.3,1.0771727348207021e-05,65,0.53
726,0.05,0.6,5.0,0.4,0.3,0.7193492934817349,269,0.53
727,0.05,0.6,5.0,0.4,0.3,7.111229409753621e-06,63,0.53
728,0.05,0.6,5.0,0.4,0.3,4.172275594315163e-06,62,0.53
729,0.05,0.6,5.0,0.4,0.3,0.8095946084720005,295,0.53
730,0.05,0.6,5.0,0.4,0.3,1.2664124175738063e-07,51,0.53
731,0.05,0.6,5.0,0.4,0.3,4.884774550662207e-06,62,0.53
732,0.05,0.6,5.0,0.4,0.3,1.3037778550280743e-07,51,0.53
733,0.05,0.6,5.0,0.4,0.3,0.7587053109337064,298,0.53
734,0.05,0.6,5.0,0.4,0.3,0.8452067092169885,225,0.53
735,0.05,0.6,5.0,0.4,0.3,7.166495313314031e-05,70,0.53
736,0.05,0.6,5.0,0.4,0.3,9.260343716675778e-07,57,0.53
737,0.05,0.6,5.0,0.4,0.3,0.00012912704586388833,72,0.53
738,0.05,0.6,5.0,0.4,0.3,0.7918197286076906,244,0.53
739,0.05,0.6,5.0,0.4,0.3,0.8187424243806776,193,0.53
740,0.05,0.6,5.0,0.4,0.3,0.8060335801047841,317,0.53
741,0.05,0.6,5.0,0.4,0.3,0.8626360960893519,314,0.53
742,0.05,0.6,5.0,0.4,0.3,0.8023087746240203,288,0.53
743,0.05,0.6,5.0,0.4,0.3,0.8478536051862808,297,0.53
744,0.05,0.6,5.0,0.4,0.3,1.4049702081875444e-05,65,0.53
745,0.05,0.6,5.0,0.4,0.3,5.848691427997431e-08,49,0.53
746,0.05,0.6,5.0,0.4,0.3,2.4369374992558362e-06,60,0.53
747,0.05,0.6,5.0,0.4,0.3,0.840359239702804,311,0.53
748,0.05,0.6,5.0,0.4,0.3,1.3855728853939986e-05,66,0.53
749,0.05,0.6,5.0,0.4,0.3,0.8327427849051203,316,0.53
750,0.05,0.6,5.0,0.4,0.3,1.3003394226625952e-05,65,0.53
751,0.05,0.6,5.0,0.4,0.3,1.479647420768824e-05,66,0.53
752,0.05,0.6,5.0,0.4,0.3,0.8753054556468807,316,0.53
753,0.05,0.6,5.0,0.4,0.3,2.3784332277253638e-06,60,0.53
754,0.05,0.6,5.0,0.4,0.3,0.8258990079649303,297,0.53
755,0.05,0.6,5.0,0.4,0.3,0.7070530633925961,306,0.53
756,0.05,0.6,5.0,0.4,0.3,4.620421456344718e-06,62,0.53
757,0.05,0.6,5.0,0.4,0.3,1.8159402889728335e-06,59,0.53
758,0.05,0.6,5.0,0.4,0.3,9.877458760110037e-05,72,0.53
759,0.05,0.6,5.0,0.4,0.3,0.7481753182467694,344,0.53
760,0.05,0.6,5.0,0.4,0.3,4.536984922251768e-05,69,0.53
761,0.05,0.6,5.0,0.4,0.3,9.13975158788178e-07,57,0.53
762,0.05,0.6,5.0,0.4,0.3,4.7292888188260643e-07,55,0.53
763,0.05,0.6,5.0,0.4,0.3,0.8703372818667774,340,0.53
764,0.05,0.6,5.0,0.4,0.3,0.00012150491770193328,72,0.53
765,0.05,0.6,5.0,0.4,0.3,0.8287147307103228,301,0.53
766,0.05,0.6,5.0,0.4,0.3,0.00014015361829394885,72,0.53
767,0.05,0.6,5.0,0.4,0.3,0.5398552171758987,325,0.53
768,0.05,0.6,5.0,0.4,0.3,0.00026484379448297736,74,0.53
769,0.05,0.6,5.0,0.4,0.3,2.061630721193107e-06,60,0.53
770,0.05,0.6,5.0,0.4,0.3,0.8225181661664276,284,0.53
771,0.05,0.6,5.0,0.4,0.3,0.8252878208721607,311,0.53
772,0.05,0.6,5.0,0.4,0.3,2.619868204051462e-05,68,0.53
773,0.05,0.6,5.0,0.4,0.3,0.8328109581870837,296,0.53
774,0.05,0.6,5.0,0.4,0.3,0.8418468744616633,354,0.53
775,0.05,0.6,5.0,0.4,0.3,2.623656658955383e-06,60,0.53
776,0.05,0.6,5.0,0.4,0.3,3.298119473874972e-05,68,0.53
777,0.05,0.6,5.0,0.4,0.3,8.843472960862214e-07,57,0.53
778,0.05,0.6,5.0,0.4,0.3,0.8698681225036277,331,0.53
779,0.05,0.6,5.0,0.4,0.3,0.8723513630236642,349,0.53
780,0.05,0.6,5.0,0.4,0.3,0.8317898661579466,335,0.53
781,0.05,0.6,5.0,0.4,0.3,3.579770254072892e-06,61,0.53
782,0.05,0.6,5.0,0.4,0.3,9.21583585880519e-07,57,0.53
783,0.05,0.6,5.0,0.4,0.3,0.6810568098352753,322,0.53
784,0.05,0.6,5.0,0.4,0.3,3.194809465585023e-06,61,0.53
785,0.05,0.6,5.0,0.4,0.3,1.6549043277489313e-05,66,0.53
786,0.05,0.6,5.0,0.4,0.3,1.5462366505437391e-06,59,0.53
787,0.05,0.6,5.0,0.4,0.3,0.8249129369090027,306,0.53
788,0.05,0.6,5.0,0.4,0.3,1.0477167179152085e-05,65,0.53
789,0.05,0.6,5.0,0.4,0.3,0.8754122873954363,320,0.53
790,0.05,0.6,5.0,0.4,0.3,1.9389107947167675e-06,59,0.53
791,0.05,0.6,5.0,0.4,0.3,0.842458178064113,303,0.53
792,0.05,0.6,5.0,0.4,0.3,0.8373514322027154,336,0.53
793,0.05,0.6,5.0,0.4,0.3,0.7026282386161706,331,0.53
794,0.05,0.6,5.0,0.4,0.3,3.484759260002837e-05,68,0.53
795,0.05,0.6,5.0,0.4,0.3,6.620327782577032e-06,63,0.53
796,0.05,0.6,5.0,0.4,0.3,6.490444471309026e-06,63,0.53
797,0.05,0.6,5.0,0.4,0.3,9.28085068833265e-05,71,0.53
798,0.05,0.6,5.0,0.4,0.3,9.248133982690344e-07,57,0.53
799,0.05,0.6,5.0,0.4,0.3,0.0014309685699014534,81,0.53
800,0.06,0.6,5.0,0.4,0.3,8.897400752351688e-05,71,0.465
801,0.06,0.6,5.0,0.4,0.3,0.837302095939904,333,0.465
802,0.06,0.6,5.0,0.4,0.3,6.6892395886779545e-06,63,0.465
803,0.06,0.6,5.0,0.4,0.3,0.824228917726393,306,0.465
804,0.06,0.6,5.0,0.4,0.3,5.361125073702884e-07,55,0.465
805,0.06,0.6,5.0,0.4,0.3,0.8410303572670519,337,0.465
806,0.06,0.6,5.0,0.4,0.3,0.7702311258493482,346,0.465
807,0.06,0.6,5.0,0.4,0.3,1.8625336863473716e-05,66,0.465
808,0.06,0.6,5.0,0.4,0.3,0.7968728650087625,315,0.465
809,0.06,0.6,5.0,0.4,0.3,7.909290234292952e-07,56,0.465
810,0.06,0.6,5.0,0.4,0.3,0.7819961302637725,293,0.465
811,0.06,0.6,5.0,0.4,0.3,0.8106555222862302,313,0.465
812,0.06,0.6,5.0,0.4,0.3,5.883430023937297e-06,62,0.465
813,0.06,0.6,5.0,0.4,0.3,0.8557671109555943,292,0.465
814,0.06,0.6,5.0,0.4,0.3,0.8478419979679042,318,0.465
815,0.06,0.6,5.0,0.4,0.3,0.8368433595526499,331,0.465
816,0.06,0.6,5.0,0.4,0.3,0.8500127135083306,186,0.465
817,0.06,0.6,5.0,0.4,0.3,1.3970818116571512e-06,58,0.465
818,0.06,0.6,5.0,0.4,0.3,4.1542743500669793e-07,54,0.465
819,0.06,0.6,5.0,0.4,0.3,0.7767743162592324,336,0.465
820,0.06,0.6,5.0,0.4,0.3,0.8371324019343191,290,0.465
821,0.06,0.6,5.0,0.4,0.3,0.8018625251290259,278,0.465
822,0.06,0.6,5.0,0.4,0.3,0.7896416357304809,313,0.465
823,0.06,0.6,5.0,0.4,0.3,1.4055177086219081e-08,44,0.465
824,0.06,0.6,5.0,0.4,0.3,3.1029196498358394e-05,67,0.465
825,0.06,0.6,5.0,0.4,0.3,1.103258177918715e-06,57,0.465
826,0.06,0.6,5.0,0.4,0.3,9.368260431809088e-07,57,0.465
827,0.06,0.6,5.0,0.4,0.3,0.00011435291204255898,71,0.465
828,0.06,0.6,5.0,0.4,0.3,0.8308564241403062,322,0.465
829,0.06,0.6,5.0,0.4,0.3,5.159321834222306e-06,62,0.465
830,0.06,0.6,5.0,0.4,0.3,0.8492281724498318,275,0.465
831,0.06,0.6,5.0,0.4,0.3,0.8508190264785471,211,0.465
832,0.06,0.6,5.0,0.4,0.3,2.145248430028107e-06,59,0.465
833,0.06,0.6,5.0,0.4,0.3,0.7455408729783468,281,0.465
834,0.06,0.6,5.0,0.4,0.3,1.6270787785931593e-06,58,0.465
835,0.06,0.6,5.0,0.4,0.3,5.529131781524559e-05,70,0.465
836,0.06,0.6,5.0,0.4,0.3,3.100213092351538e-06,60,0.465
837,0.06,0.6,5.0,0.4,0.3,0.8499443211611217,341,0.465
838,0.06,0.6,5.0,0.4,0.3,2.9476331616998086e-07,53,0.465
839,0.06,0.6,5.0,0.4,0.3,0.8219119842978719,346,0.465
840,0.06,0.6,5.0,0.4,0.3,0.000153624888346514,72,0.465
841,0.06,0.6,5.0,0.4,0.3,1.121612690656388e-05,64,0.465
842,0.06,0.6,5.0,0.4,0.3,6.710766487733878e-05,70,0.465
843,0.06,0.6,5.0,0.4,0.3,3.060823947932972e-07,53,0.465
844,0.06,0.6,5.0,0.4,0.3,0.8672396158886142,360,0.465
845,0.06,0.6,5.0,0.4,0.3,0.7225067657830092,330,0.465
846,0.06,0.6,5.0,0.4,0.3,4.121960257304515e-07,54,0.465
847,0.06,0.6,5.0,0.4,0.3,0.8752430473852022,355,0.465
848,0.06,0.6,5.0,0.4,0.3,1.6683213614060744e-06,59,0.465
849,0.06,0.6,5.0,0.4,0.3,0.78062191675396,325,0.465
850,0.06,0.6,5.0,0.4,0.3,0.7180910842897176,334,0.465
851,0.06,0.6,5.0,0.4,0.3,7.195198052299741e-06,63,0.465
852,0.06,0.6,5.0,0.4,0.3,0.842427480545282,379,0.465
853,0.06,0.6,5.0,0.4,0.3,2.2749327502278242e-05,66,0.465
854,0.06,0.6,5.0,0.4,0.3,5.6389906492590245e-05,70,0.465
855,0.06,0.6,5.0,0.4,0.3,2.7921957969194228e-05,67,0.465
856,0.06,0.6,5.0,0.4,0.3,3.086125587321794e-06,60,0.465
857,0.06,0.6,5.0,0.4,0.3,7.612785899763289e-06,63,0.465
858,0.06,0.6,5.0,0.4,0.3,0.8551945695054294,346,0.465
859,0.06,0.6,5.0,0.4,0.3,0.8453999244089491,271,0.465
860,0.06,0.6,5.0,0.4,0.3,0.6569886190161003,328,0.465
861,0.06,0.6,5.0,0.4,0.3,7.445248854041894e-08,49,0.465
862,0.06,0.6,5.0,0.4,0.3,2.764026788911027e-05,67,0.465
863,0.06,0.6,5.0,0.4,0.3,0.8229428933437221,278,0.465
864,0.06,0.6,5.0,0.4,0.3,1.4499426672494533e-06,58,0.465
865,0.06,0.6,5.0,0.4,0.3,0.7219827732053085,339,0.465
866,0.06,0.6,5.0,0.4,0.3,1.0699109644941803e-07,50,0.465
867,0.06,0.6,5.0,0.4,0.3,1.1611534779219982e-06,57,0.465
868,0.06,0.6,5.0,0.4,0.3,0.8797692819678862,363,0.465
869,0.06,0.6,5.0,0.4,0.3,0.7929237791281268,334,0.465
870,0.06,0.6,5.0,0.4,0.3,0.769518349701852,323,0.465
871,0.06,0.6,5.0,0.4,0.3,0.7847834077470154,316,0.465
872,0.06,0.6,5.0,0.4,0.3,4.340535101790246e-06,62,0.465
873,0.06,0.6,5.0,0.4,0.3,0.6771890593199928,313,0.465
874,0.06,0.6,5.0,0.4,0.3,0.6711489400425565,341,0.465
875,0.06,0.6,5.0,0.4,0.3,0.8138117052330612,313,0.465
876,0.06,0.6,5.0,0.4,0.3,0.8255338363267417,340,0.465
877,0.06,0.6,5.0,0.4,0.3,0.8538265965581779,326,0.465
878,0.06,0.6,5.0,0.4,0.3,7.620795120055338e-06,63,0.465
879,0.06,0.6,5.0,0.4,0.3,0.8173334406694828,278,0.465
880,0.06,0.6,5.0,0.4,0.3,0.8567171547552352,347,0.465
881,0.06,0.6,5.0,0.4,0.3,0.6758505269387697,327,0.465
882,0.06,0.6,5.0,0.4,0.3,0.8007691348661937,365,0.465
883,0.06,0.6,5.0,0.4,0.3,0.7472607674487793,282,0.465
884,0.06,0.6,5.0,0.4,0.3,0.8083727160187533,142,0.465
885,0.06,0.6,5.0,0.4,0.3,5.874042791539486e-07,55,0.465
886,0.06,0.6,5.0,0.4,0.3,1.9523897725523618e-05,66,0.465
887,0.06,0.6,5.0,0.4,0.3,2.2533310961741057e-06,59,0.465
888,0.06,0.6,5.0,0.4,0.3,0.8436104494252802,329,0.465
889,0.06,0.6,5.0,0.4,0.3,1.5014920616792064e-07,51,0.465
890,0.06,0.6,5.0,0.4,0.3,1.0001707352321322e-05,64,0.465
891,0.06,0.6,5.0,0.4,0.3,0.8894833111915973,318,0.465
892,0.06,0.6,5.0,0.4,0.3,5.370955748378537e-08,48,0.465
893,0.06,0.6,5.0,0.4,0.3,0.8818578332271061,348,0.465
894,0.06,0.6,5.0,0.4,0.3,1.8058950582420316e-06,59,0.465
895,0.06,0.6,5.0,0.4,0.3,0.0002172855147942309,74,0.465
896,0.06,0.6,5.0,0.4,0.3,0.8012659476363598,354,0.465
897,0.06,0.6,5.0,0.4,0.3,9.686012278685229e-08,50,0.465
898,0.06,0.6,5.0,0.4,0.3,0.7473126784600059,275,0.465
899,0.06,0.6,5.0,0.4,0.3,3.088836426738956e-06,60,0.465
900,0.06,0.6,5.0,0.4,0.3,1.5062252063127047e-06,58,0.465
901,0.06,0.6,5.0,0.4,0.3,1.4719364616048263e-06,58,0.465
902,0.06,0.6,5.0,0.4,0.3,0.8696349646049906,344,0.465
903,0.06,0.6,5.0,0.4,0.3,1.4475860781316283e-06,58,0.465
904,0.06,0.6,5.0,0.4,0.3,0.8128644422110737,326,0.465
905,0.06,0.6,5.0,0.4,0.3,2.107583103074931e-06,59,0.465
906,0.06,0.6,5.0,0.4,0.3,0.7825209729494191,261,0.465
907,0.06,0.6,5.0,0.4,0.3,0.00020471145573709197,73,0.465
908,0.06,0.6,5.0,0.4,0.3,2.19771573807408e-06,59,0.465
909,0.06,0.6,5.0,0.4,0.3,2.0061719702081631e-07,52,0.465
910,0.06,0.6,5.0,0.4,0.3,0.8150532890693989,288,0.465
911,0.06,0.6,5.0,0.4,0.3,0.8674701789570547,318,0.465
912,0.06,0.6,5.0,0.4,0.3,1.5376451279805917e-07,51,0.465
913,0.06,0.6,5.0,0.4,0.3,0.8566036205737245,327,0.465
914,0.06,0.6,5.0,0.4,0.3,0.850781326380942,256,0.465
915,0.06,0.6,5.0,0.4,0.3,0.0004569021231422826,76,0.465
916,0.06,0.6,5.0,0.4,0.3,0.8823003921927716,306,0.465
917,0.06,0.6,5.0,0.4,0.3,0.00020844620759131004,73,0.465
918,0.06,0.6,5.0,0.4,0.3,0.7815508783201938,355,0.465
919,0.06,0.6,5.0,0.4,0.3,0.0001950704986582843,73,0.465
920,0.06,0.6,5.0,0.4,0.3,0.776096636615367,249,0.465
921,0.06,0.6,5.0,0.4,0.3,0.8122064934909189,311,0.465
922,0.06,0.6,5.0,0.4,0.3,0.8720806539773919,227,0.465
923,0.06,0.6,5.0,0.4,0.3,4.6198633923139046e-05,68,0.465
924,0.06,0.6,5.0,0.4,0.3,1.830541707720442e-07,52,0.465
925,0.06,0.6,5.0,0.4,0.3,0.8353349050567037,343,0.465
926,0.06,0.6,5.0,0.4,0.3,0.7300489088858333,321,0.465
927,0.06,0.6,5.0,0.4,0.3,0.00011072387642831277,71,0.465
928,0.06,0.6,5.0,0.4,0.3,0.8363022651940065,300,0.465
929,0.06,0.6,5.0,0.4,0.3,9.936532924216068e-06,64,0.465
930,0.06,0.6,5.0,0.4,0.3,0.7548795109240188,309,0.465
931,0.06,0.6,5.0,0.4,0.3,6.110011494635632e-06,62,0.465
932,0.06,0.6,5.0,0.4,0.3,2.022927862744068e-07,52,0.465
933,0.06,0.6,5.0,0.4,0.3,0.8528405365539155,333,0.465
934,0.06,0.6,5.0,0.4,0.3,0.8357741005794971,338,0.465
935,0.06,0.6,5.0,0.4,0.3,0.7152687773373869,359,0.465
936,0.06,0.6,5.0,0.4,0.3,4.142051352588382e-07,54,0.465
937,0.06,0.6,5.0,0.4,0.3,0.6945136884915337,363,0.465
938,0.06,0.6,5.0,0.4,0.3,0.806842071848083,333,0.465
939,0.06,0.6,5.0,0.4,0.3,0.7772591633095726,290,0.465
940,0.06,0.6,5.0,0.4,0.3,0.7611778782528867,322,0.465
941,0.06,0.6,5.0,0.4,0.3,0.8424448440149648,359,0.465
942,0.06,0.6,5.0,0.4,0.3,0.7303557193472003,347,0.465
943,0.06,0.6,5.0,0.4,0.3,6.591770659534187e-05,69,0.465
944,0.06,0.6,5.0,0.4,0.3,0.7813480403883452,310,0.465
945,0.06,0.6,5.0,0.4,0.3,1.8684280151477924e-10,31,0.465
946,0.06,0.6,5.0,0.4,0.3,2.975009404371315e-06,60,0.465
947,0.06,0.6,5.0,0.4,0.3,4.568896840217239e-07,55,0.465
948,0.06,0.6,5.0,0.4,0.3,0.6427988107430037,340,0.465
949,0.06,0.6,5.0,0.4,0.3,2.798948760521364e-07,53,0.465
950,0.06,0.6,5.0,0.4,0.3,0.8069714649611485,241,0.465
951,0.06,0.6,5.0,0.4,0.3,6.171502543419518e-05,69,0.465
952,0.06,0.6,5.0,0.4,0.3,0.8552381358440102,338,0.465
953,0.06,0.6,5.0,0.4,0.3,3.018263833617807e-06,60,0.465
954,0.06,0.6,5.0,0.4,0.3,0.8415876934742743,317,0.465
955,0.06,0.6,5.0,0.4,0.3,0.867869557384135,149,0.465
956,0.06,0.6,5.0,0.4,0.3,3.0519889583723724e-07,53,0.465
957,0.06,0.6,5.0,0.4,0.3,0.8307932913304253,303,0.465
958,0.06,0.6,5.0,0.4,0.3,0.7561087383235691,268,0.465
959,0.06,0.6,5.0,0.4,0.3,7.867382127088304e-07,56,0.465
960,0.06,0.6,5.0,0.4,0.3,0.7168579787208619,360,0.465
961,0.06,0.6,5.0,0.4,0.3,1.5201566568413703e-05,65,0.465
962,0.06,0.6,5.0,0.4,0.3,2.7262742536026343e-05,67,0.465
963,0.06,0.6,5.0,0.4,0.3,9.89366837285922e-06,64,0.465
964,0.06,0.6,5.0,0.4,0.3,0.7403875714006029,354,0.465
965,0.06,0.6,5.0,0.4,0.3,3.9183676134783196e-08,47,0.465
966,0.06,0.6,5.0,0.4,0.3,1.279514630974205e-05,65,0.465
967,0.06,0.6,5.0,0.4,0.3,0.8426015906439435,266,0.465
968,0.06,0.6,5.0,0.4,0.3,5.254412660224396e-06,62,0.465
969,0.06,0.6,5.0,0.4,0.3,0.8709036632234879,327,0.465
970,0.06,0.6,5.0,0.4,0.3,1.4282922741714802e-05,65,0.465
971,0.06,0.6,5.0,0.4,0.3,0.6427916623508165,339,0.465
972,0.06,0.6,5.0,0.4,0.3,0.8617549138395529,346,0.465
973,0.06,0.6,5.0,0.4,0.3,0.845816536265568,306,0.465
974,0.06,0.6,5.0,0.4,0.3,0.8537690765097405,311,0.465
975,0.06,0.6,5.0,0.4,0.3,0.8360662811320908,305,0.465
976,0.06,0.6,5.0,0.4,0.3,0.8389529008919514,352,0.465
977,0.06,0.6,5.0,0.4,0.3,0.8499688887975181,349,0.465
978,0.06,0.6,5.0,0.4,0.3,0.8249808550897151,289,0.465
979,0.06,0.6,5.0,0.4,0.3,0.7334947625577459,308,0.465
980,0.06,0.6,5.0,0.4,0.3,9.265839555971389e-07,57,0.465
981,0.06,0.6,5.0,0.4,0.3,3.0951923758346404e-06,60,0.465
982,0.06,0.6,5.0,0.4,0.3,4.236315375199595e-07,54,0.465
983,0.06,0.6,5.0,0.4,0.3,2.945977614835573e-07,53,0.465
984,0.06,0.6,5.0,0.4,0.3,8.12318148657539e-06,63,0.465
985,0.06,0.6,5.0,0.4,0.3,0.7364127635861559,360,0.465
986,0.06,0.6,5.0,0.4,0.3,0.8470848672126773,337,0.465
987,0.06,0.6,5.0,0.4,0.3,1.0941527176812618e-06,57,0.465
988,0.06,0.6,5.0,0.4,0.3,5.299857373621655e-05,69,0.465
989,0.06,0.6,5.0,0.4,0.3,4.0353964541921085e-08,47,0.465
990,0.06,0.6,5.0,0.4,0.3,6.99537622134995e-06,63,0.465
991,0.06,0.6,5.0,0.4,0.3,0.7851414842753676,357,0.465
992,0.06,0.6,5.0,0.4,0.3,0.838602646761642,300,0.465
993,0.06,0.6,5.0,0.4,0.3,0.8047312053528782,288,0.465
994,0.06,0.6,5.0,0.4,0.3,3.939054284980197e-07,54,0.465
995,0.06,0.6,5.0,0.4,0.3,5.827878914928571e-05,69,0.465
996,0.06,0.6,5.0,0.4,0.3,0.8487131528827752,331,0.465
997,0.06,0.6,5.0,0.4,0.3,0.8121368992669766,342,0.465
998,0.06,0.6,5.0,0.4,0.3,0.8350999941966297,336,0.465
999,0.06,0.6,5.0,0.4,0.3,0.68137972677466,341,0.465
1000,0.07,0.6,5.0,0.4,0.3,0.7486190188735465,213,0.325
1001,0.07,0.6,5.0,0.4,0.3,0.7993472384846196,307,0.325
1002,0.07,0.6,5.0,0.4,0.3,0.8319927204602886,351,0.325
1003,0.07,0.6,5.0,0.4,0.3,2.2543464444377537e-05,66,0.325
1004,0.07,0.6,5.0,0.4,0.3,1.328358207061626e-05,65,0.325
1005,0.07,0.6,5.0,0.4,0.3,0.6817874277925701,351,0.325
1006,0.07,0.6,5.0,0.4,0.3,3.4802713016850882e-06,61,0.325
1007,0.07,0.6,5.0,0.4,0.3,0.8705845434026326,337,0.325
1008,0.07,0.6,5.0,0.4,0.3,0.7261423550401676,346,0.325
1009,0.07,0.6,5.0,0.4,0.3,0.00010276734973590589,70,0.325
1010,0.07,0.6,5.0,0.4,0.3,0.8249275399516774,341,0.325
1011,0.07,0.6,5.0,0.4,0.3,0.7981563516547546,317,0.325
1012,0.07,0.6,5.0,0.4,0.3,0.820181821942139,327,0.325
1013,0.07,0.6,5.0,0.4,0.3,0.846382599639738,335,0.325
1014,0.07,0.6,5.0,0.4,0.3,0.7239764065589548,327,0.325
1015,0.07,0.6,5.0,0.4,0.3,0.00012018054129158503,71,0.325
1016,0.07,0.6,5.0,0.4,0.3,0.8213201192843613,346,0.325
1017,0.07,0.6,5.0,0.4,0.3,0.8424924088744302,321,0.325
1018,0.07,0.6,5.0,0.4,0.3,2.0522750028030647e-05,66,0.325
1019,0.07,0.6,5.0,0.4,0.3,0.8568858571838929,315,0.325
1020,0.07,0.6,5.0,0.4,0.3,0.6331201691401835,345,0.325
1021,0.07,0.6,5.0,0.4,0.3,0.8363216296417865,350,0.325
1022,0.07,0.6,5.0,0.4,0.3,0.8049088492278302,330,0.325
1023,0.07,0.6,5.0,0.4,0.3,0.7331840025773415,334,0.325
1024,0.07,0.6,5.0,0.4,0.3,0.8498391419909174,350,0.325
1025,0.07,0.6,5.0,0.4,0.3,4.375420694349711e-06,61,0.325
1026,0.07,0.6,5.0,0.4,0.3,4.6571128415801805e-06,61,0.325
1027,0.07,0.6,5.0,0.4,0.3,0.6302058458967942,322,0.325
1028,0.07,0.6,5.0,0.4,0.3,1.85766687683056e-06,58,0.325
1029,0.07,0.6,5.0,0.4,0.3,0.8002317323826078,336,0.325
1030,0.07,0.6,5.0,0.4,0.3,0.8861539233558653,267,0.325
1031,0.07,0.6,5.0,0.4,0.3,0.7453512132169081,338,0.325
1032,0.07,0.6,5.0,0.4,0.3,0.8395876343913495,340,0.325
1033,0.07,0.6,5.0,0.4,0.3,6.44804758688571e-06,62,0.325
1034,0.07,0.6,5.0,0.4,0.3,6.611549179317759e-06,62,0.325
1035,0.07,0.6,5.0,0.4,0.3,0.8289530307088545,343,0.325
1036,0.07,0.6,5.0,0.4,0.3,0.0004605397020821862,75,0.325
1037,0.07,0.6,5.0,0.4,0.3,0.857517125438903,332,0.325
1038,0.07,0.6,5.0,0.4,0.3,8.360089248304993e-05,70,0.325
1039,0.07,0.6,5.0,0.4,0.3,0.8394293326132012,320,0.325
1040,0.07,0.6,5.0,0.4,0.3,0.8240930092202347,320,0.325
1041,0.07,0.6,5.0,0.4,0.3,0.8216207017903383,316,0.325
1042,0.07,0.6,5.0,0.4,0.3,0.8745730282670159,330,0.325
1043,0.07,0.6,5.0,0.4,0.3,9.12969298668165e-08,49,0.325
1044,0.07,0.6,5.0,0.4,0.3,0.8694819182531907,337,0.325
1045,0.07,0.6,5.0,0.4,0.3,2.1204819747503753e-05,66,0.325
1046,0.07,0.6,5.0,0.4,0.3,9.56712506353274e-07,56,0.325
1047,0.07,0.6,5.0,0.4,0.3,0.8052408204580629,334,0.325
1048,0.07,0.6,5.0,0.4,0.3,4.312807751433614e-06,61,0.325
1049,0.07,0.6,5.0,0.4,0.3,1.10458677501756e-06,57,0.325
1050,0.07,0.6,5.0,0.4,0.3,1.1718411059926736e-06,57,0.325
1051,0.07,0.6,5.0,0.4,0.3,0.7210691376746158,334,0.325
1052,0.07,0.6,5.0,0.4,0.3,0.804779090324482,320,0.325
1053,0.07,0.6,5.0,0.4,0.3,0.6892233246118488,334,0.325
1054,0.07,0.6,5.0,0.4,0.3,1.94141580189423e-05,65,0.325
1055,0.07,0.6,5.0,0.4,0.3,0.8213251666406785,359,0.325
1056,0.07,0.6,5.0,0.4,0.3,0.8385532529402502,315,0.325
1057,0.07,0.6,5.0,0.4,0.3,9.313784632288883e-05,70,0.325
1058,0.07,0.6,5.0,0.4,0.3,2.3796337612890248e-05,66,0.325
1059,0.07,0.6,5.0,0.4,0.3,0.7648782543951924,342,0.325
1060,0.07,0.6,5.0,0.4,0.3,4.7361326206418857e-07,54,0.325
1061,0.07,0.6,5.0,0.4,0.3,0.8169356079264823,349,0.325
1062,0.07,0.6,5.0,0.4,0.3,0.8388202533212487,345,0.325
1063,0.07,0.6,5.0,0.4,0.3,1.845083513704606e-05,66,0.325
1064,0.07,0.6,5.0,0.4,0.3,0.8528083404266933,330,0.325
1065,0.07,0.6,5.0,0.4,0.3,0.00019580887457427913,72,0.325
1066,0.07,0.6,5.0,0.4,0.3,0.8070524663900173,348,0.325
1067,0.07,0.6,5.0,0.4,0.3,0.7915125679244108,258,0.325
1068,0.07,0.6,5.0,0.4,0.3,2.8756438490521186e-05,67,0.325
1069,0.07,0.6,5.0,0.4,0.3,2.544582722268078e-07,52,0.325
1070,0.07,0.6,5.0,0.4,0.3,0.7785028973169709,332,0.325
1071,0.07,0.6,5.0,0.4,0.3,4.621427449285581e-05,69,0.325
1072,0.07,0.6,5.0,0.4,0.3,0.73737084314259,340,0.325
1073,0.07,0.6,5.0,0.4,0.3,0.5991260814316299,318,0.325
1074,0.07,0.6,5.0,0.4,0.3,6.638184453842861e-07,55,0.325
1075,0.07,0.6,5.0,0.4,0.3,0.82619489795837,341,0.325
1076,0.07,0.6,5.0,0.4,0.3,0.8456051664594354,313,0.325
1077,0.07,0.6,5.0,0.4,0.3,0.8283419237660261,346,0.325
1078,0.07,0.6,5.0,0.4,0.3,0.8179976888085446,364,0.325
1079,0.07,0.6,5.0,0.4,0.3,3.281498249678739e-07,53,0.325
1080,0.07,0.6,5.0,0.4,0.3,0.810678850776985,369,0.325
1081,0.07,0.6,5.0,0.4,0.3,5.4086268397882116e-05,69,0.325
1082,0.07,0.6,5.0,0.4,0.3,0.8194062267250779,348,0.325
1083,0.07,0.6,5.0,0.4,0.3,0.8578759304992823,308,0.325
1084,0.07,0.6,5.0,0.4,0.3,0.6464057821761784,327,0.325
1085,0.07,0.6,5.0,0.4,0.3,0.0004133343465515363,75,0.325
1086,0.07,0.6,5.0,0.4,0.3,0.7925153108415345,238,0.325
1087,0.07,0.6,5.0,0.4,0.3,0.825105482812208,367,0.325
1088,0.07,0.6,5.0,0.4,0.3,0.8548825111631037,315,0.325
1089,0.07,0.6,5.0,0.4,0.3,0.8445980631091066,349,0.325
1090,0.07,0.6,5.0,0.4,0.3,0.7748556263114141,335,0.325
1091,0.07,0.6,5.0,0.4,0.3,0.8752819632473188,322,0.325
1092,0.07,0.6,5.0,0.4,0.3,0.8185319771016313,341,0.325
1093,0.07,0.6,5.0,0.4,0.3,0.8250176932402644,292,0.325
1094,0.07,0.6,5.0,0.4,0.3,0.8458266727902533,273,0.325
1095,0.07,0.6,5.0,0.4,0.3,0.7450470128790666,361,0.325
1096,0.07,0.6,5.0,0.4,0.3,0.8188039263941908,329,0.325
1097,0.07,0.6,5.0,0.4,0.3,3.4811549328515383e-07,53,0.325
1098,0.07,0.6,5.0,0.4,0.3,0.8070413691424347,341,0.325
1099,0.07,0.6,5.0,0.4,0.3,0.8337242944875674,359,0.325
1100,0.07,0.6,5.0,0.4,0.3,2.686301144962226e-05,66,0.325
1101,0.07,0.6,5.0,0.4,0.3,0.849355618685987,360,0.325
1102,0.07,0.6,5.0,0.4,0.3,4.325730896924472e-06,61,0.325
1103,0.07,0.6,5.0,0.4,0.3,0.8664241490946923,372,0.325
1104,0.07,0.6,5.0,0.4,0.3,0.74220118752742,338,0.325
1105,0.07,0.6,5.0,0.4,0.3,0.867052767976403,330,0.325
1106,0.07,0.6,5.0,0.4,0.3,0.8103555712336823,323,0.325
1107,0.07,0.6,5.0,0.4,0.3,0.793611811825446,331,0.325
1108,0.07,0.6,5.0,0.4,0.3,0.8661482604821603,369,0.325
1109,0.07,0.6,5.0,0.4,0.3,2.3985244959811034e-08,45,0.325
1110,0.07,0.6,5.0,0.4,0.3,2.867157450612042e-07,53,0.325
1111,0.07,0.6,5.0,0.4,0.3,0.8201276820357197,302,0.325
1112,0.07,0.6,5.0,0.4,0.3,0.7815256175326423,305,0.325
1113,0.07,0.6,5.0,0.4,0.3,0.7915289501982525,359,0.325
1114,0.07,0.6,5.0,0.4,0.3,0.0001429173336412021,71,0.325
1115,0.07,0.6,5.0,0.4,0.3,3.6531415276929447e-06,60,0.325
1116,0.07,0.6,5.0,0.4,0.3,1.793325418107701e-07,51,0.325
1117,0.07,0.6,5.0,0.4,0.3,0.7688605965920037,347,0.325
1118,0.07,0.6,5.0,0.4,0.3,0.8891977319104214,345,0.325
1119,0.07,0.6,5.0,0.4,0.3,0.8580663072562514,147,0.325
1120,0.07,0.6,5.0,0.4,0.3,0.7871263395047963,348,0.325
1121,0.07,0.6,5.0,0.4,0.3,0.8410268898750092,225,0.325
1122,0.07,0.6,5.0,0.4,0.3,0.8661913909133939,325,0.325
1123,0.07,0.6,5.0,0.4,0.3,0.8155924354026837,341,0.325
1124,0.07,0.6,5.0,0.4,0.3,0.8126275797107321,337,0.325
1125,0.07,0.6,5.0,0.4,0.3,0.8374013373266593,347,0.325
1126,0.07,0.6,5.0,0.4,0.3,0.8163091146587771,357,0.325
1127,0.07,0.6,5.0,0.4,0.3,0.8622741644760386,343,0.325
1128,0.07,0.6,5.0,0.4,0.3,0.7509775277329033,265,0.325
1129,0.07,0.6,5.0,0.4,0.3,0.8278056110330613,345,0.325
1130,0.07,0.6,5.0,0.4,0.3,0.8111033401010671,328,0.325
1131,0.07,0.6,5.0,0.4,0.3,6.823745100969202e-06,62,0.325
1132,0.07,0.6,5.0,0.4,0.3,6.49354807855044e-07,55,0.325
1133,0.07,0.6,5.0,0.4,0.3,0.7431674481711411,332,0.325
1134,0.07,0.6,5.0,0.4,0.3,0.7936761645239474,326,0.325
1135,0.07,0.6,5.0,0.4,0.3,0.7557863993545926,257,0.325
1136,0.07,0.6,5.0,0.4,0.3,0.00010877392617392406,71,0.325
1137,0.07,0.6,5.0,0.4,0.3,9.499210965148264e-05,70,0.325
1138,0.07,0.6,5.0,0.4,0.3,0.7162536784479273,340,0.325
1139,0.07,0.6,5.0,0.4,0.3,0.8062755423836847,346,0.325
1140,0.07,0.6,5.0,0.4,0.3,0.5770603646467688,335,0.325
1141,0.07,0.6,5.0,0.4,0.3,0.8752486538735978,357,0.325
1142,0.07,0.6,5.0,0.4,0.3,0.8097256675165431,272,0.325
1143,0.07,0.6,5.0,0.4,0.3,0.7280305915725713,290,0.325
1144,0.07,0.6,5.0,0.4,0.3,0.699033936781922,285,0.325
1145,0.07,0.6,5.0,0.4,0.3,0.8221631411814999,336,0.325
1146,0.07,0.6,5.0,0.4,0.3,0.8404629489217682,325,0.325
1147,0.07,0.6,5.0,0.4,0.3,0.00012836587688688108,73,0.325
1148,0.07,0.6,5.0,0.4,0.3,0.8584256224017385,320,0.325
1149,0.07,0.6,5.0,0.4,0.3,0.8632906900247375,322,0.325
1150,0.07,0.6,5.0,0.4,0.3,6.5227627539045e-07,55,0.325
1151,0.07,0.6,5.0,0.4,0.3,2.182877842572612e-05,66,0.325
1152,0.07,0.6,5.0,0.4,0.3,2.696778819999937e-05,66,0.325
1153,0.07,0.6,5.0,0.4,0.3,0.8671682395462117,317,0.325
1154,0.07,0.6,5.0,0.4,0.3,2.7484695256811548e-05,67,0.325
1155,0.07,0.6,5.0,0.4,0.3,0.874499615992302,349,0.325
1156,0.07,0.6,5.0,0.4,0.3,0.8504981388699516,332,0.325
1157,0.07,0.6,5.0,0.4,0.3,2.7191330922598393e-07,53,0.325
1158,0.07,0.6,5.0,0.4,0.3,0.00014825085311429728,71,0.325
1159,0.07,0.6,5.0,0.4,0.3,0.7888583798180457,277,0.325
1160,0.07,0.6,5.0,0.4,0.3,7.835772189365022e-06,63,0.325
1161,0.07,0.6,5.0,0.4,0.3,0.8213335241410012,354,0.325
1162,0.07,0.6,5.0,0.4,0.3,0.8050490350095855,340,0.325
1163,0.07,0.6,5.0,0.4,0.3,6.628179502984003e-06,62,0.325
1164,0.07,0.6,5.0,0.4,0.3,4.666296168221598e-06,61,0.325
1165,0.07,0.6,5.0,0.4,0.3,4.514373380788895e-07,54,0.325
1166,0.07,0.6,5.0,0.4,0.3,1.7599822695526065e-06,58,0.325
1167,0.07,0.6,5.0,0.4,0.3,0.0018841156547959451,80,0.325
1168,0.07,0.6,5.0,0.4,0.3,0.8702626261592316,376,0.325
1169,0.07,0.6,5.0,0.4,0.3,0.8968166075764674,291,0.325
1170,0.07,0.6,5.0,0.4,0.3,0.8362085274874151,332,0.325
1171,0.07,0.6,5.0,0.4,0.3,0.8622571721811112,283,0.325
1172,0.07,0.6,5.0,0.4,0.3,6.511548689001028e-06,62,0.325
1173,0.07,0.6,5.0,0.4,0.3,0.5370225993701462,253,0.325
1174,0.07,0.6,5.0,0.4,0.3,1.0003685374684197e-05,64,0.325
1175,0.07,0.6,5.0,0.4,0.3,0.8419474827391865,276,0.325
1176,0.07,0.6,5.0,0.4,0.3,0.8279016137011802,202,0.325
1177,0.07,0.6,5.0,0.4,0.3,0.8095846226885883,343,0.325
1178,0.07,0.6,5.0,0.4,0.3,0.8500338710922497,344,0.325
1179,0.07,0.6,5.0,0.4,0.3,0.7718164378087315,347,0.325
1180,0.07,0.6,5.0,0.4,0.3,0.8514746580965135,300,0.325
1181,0.07,0.6,5.0,0.4,0.3,0.8456888930709583,346,0.325
1182,0.07,0.6,5.0,0.4,0.3,0.8120758812220433,323,0.325
1183,0.07,0.6,5.0,0.4,0.3,1.6749801343775965e-08,44,0.325
1184,0.07,0.6,5.0,0.4,0.3,3.2498060065311373e-06,60,0.325
1185,0.07,0.6,5.0,0.4,0.3,0.8238331619695102,346,0.325
1186,0.07,0.6,5.0,0.4,0.3,0.8446909753884649,306,0.325
1187,0.07,0.6,5.0,0.4,0.3,0.7307819130678785,325,0.325
1188,0.07,0.6,5.0,0.4,0.3,0.0003137308574847468,75,0.325
1189,0.07,0.6,5.0,0.4,0.3,7.25973857272113e-06,62,0.325
1190,0.07,0.6,5.0,0.4,0.3,0.8497581461443791,347,0.325
1191,0.07,0.6,5.0,0.4,0.3,0.8389556752204334,333,0.325
1192,0.07,0.6,5.0,0.4,0.3,0.8378507904322082,333,0.325
1193,0.07,0.6,5.0,0.4,0.3,0.74598895624477,335,0.325
1194,0.07,0.6,5.0,0.4,0.3,0.8484628957770659,242,0.325
1195,0.07,0.6,5.0,0.4,0.3,0.7245787576140515,323,0.325
1196,0.07,0.6,5.0,0.4,0.3,0.00010648996773975228,71,0.325
1197,0.07,0.6,5.0,0.4,0.3,0.864106498441947,234,0.325
1198,0.07,0.6,5.0,0.4,0.3,5.967939360332233e-09,41,0.325
1199,0.07,0.6,5.0,0.4,0.3,0.793757954661958,201,0.325
1200,0.08,0.6,5.0,0.4,0.3,2.164540346931167e-06,58,0.2
1201,0.08,0.6,5.0,0.4,0.3,0.8206559288291977,332,0.2
1202,0.08,0.6,5.0,0.4,0.3,0.8749616493389661,317,0.2
1203,0.08,0.6,5.0,0.4,0.3,0.7465422042847093,328,0.2
1204,0.08,0.6,5.0,0.4,0.3,0.8360219870503339,289,0.2
1205,0.08,0.6,5.0,0.4,0.3,0.0005082359771203303,75,0.2
1206,0.08,0.6,5.0,0.4,0.3,0.7562430306819313,348,0.2
1207,0.08,0.6,5.0,0.4,0.3,1.3980506959877323e-08,43,0.2
1208,0.08,0.6,5.0,0.4,0.3,0.815674091079755,342,0.2
1209,0.08,0.6,5.0,0.4,0.3,0.8653194778504907,301,0.2
1210,0.08,0.6,5.0,0.4,0.3,0.6632052332799773,326,0.2
1211,0.08,0.6,5.0,0.4,0.3,0.7460601010632761,335,0.2
1212,0.08,0.6,5.0,0.4,0.3,0.825654840409147,335,0.2
1213,0.08,0.6,5.0,0.4,0.3,0.7562112267637765,338,0.2
1214,0.08,0.6,5.0,0.4,0.3,0.7654967943762409,330,0.2
1215,0.08,0.6,5.0,0.4,0.3,0.0004919017308144928,75,0.2
1216,0.08,0.6,5.0,0.4,0.3,0.8629409726290549,304,0.2
1217,0.08,0.6,5.0,0.4,0.3,0.8109292744899995,283,0.2
1218,0.08,0.6,5.0,0.4,0.3,0.8464216654647145,335,0.2
1219,0.08,0.6,5.0,0.4,0.3,0.8451478700599874,342,0.2
1220,0.08,0.6,5.0,0.4,0.3,0.6768053857803784,317,0.2
1221,0.08,0.6,5.0,0.4,0.3,0.7811168703501042,316,0.2
1222,0.08,0.6,5.0,0.4,0.3,0.8743250723080375,263,0.2
1223,0.08,0.6,5.0,0.4,0.3,7.225158131500486e-06,62,0.2
1224,0.08,0.6,5.0,0.4,0.3,0.8376208178475293,339,0.2
1225,0.08,0.6,5.0,0.4,0.3,0.7439682881972768,341,0.2
1226,0.08,0.6,5.0,0.4,0.3,0.8707508924199292,333,0.2
1227,0.08,0.6,5.0,0.4,0.3,0.8054802825241337,285,0.2
1228,0.08,0.6,5.0,0.4,0.3,0.8809045172280733,339,0.2
1229,0.08,0.6,5.0,0.4,0.3,0.8611702595824818,343,0.2
1230,0.08,0.6,5.0,0.4,0.3,0.8660784928427436,342,0.2
1231,0.08,0.6,5.0,0.4,0.3,0.8095838158887942,354,0.2
1232,0.08,0.6,5.0,0.4,0.3,0.8756173321210878,352,0.2
1233,0.08,0.6,5.0,0.4,0.3,0.8577895697007311,273,0.2
1234,0.08,0.6,5.0,0.4,0.3,0.8219159490540301,309,0.2
1235,0.08,0.6,5.0,0.4,0.3,1.0939815410304207e-05,63,0.2
1236,0.08,0.6,5.0,0.4,0.3,1.5664108411643835e-06,57,0.2
1237,0.08,0.6,5.0,0.4,0.3,0.845719534835842,323,0.2
1238,0.08,0.6,5.0,0.4,0.3,1.988567863148421e-06,58,0.2
1239,0.08,0.6,5.0,0.4,0.3,0.8440202078411568,325,0.2
1240,0.08,0.6,5.0,0.4,0.3,0.8039452884379019,294,0.2
1241,0.08,0.6,5.0,0.4,0.3,0.8318671575663639,236,0.2
1242,0.08,0.6,5.0,0.4,0.3,0.835730006383201,289,0.2
1243,0.08,0.6,5.0,0.4,0.3,0.8615565848685259,341,0.2
1244,0.08,0.6,5.0,0.4,0.3,0.6818891861308117,320,0.2
1245,0.08,0.6,5.0,0.4,0.3,0.7763504443754324,294,0.2
1246,0.08,0.6,5.0,0.4,0.3,7.594304719325229e-07,55,0.2
1247,0.08,0.6,5.0,0.4,0.3,0.7884144093116962,301,0.2
1248,0.08,0.6,5.0,0.4,0.3,0.7271875689853046,354,0.2
1249,0.08,0.6,5.0,0.4,0.3,0.036815355954934854,89,0.2
1250,0.08,0.6,5.0,0.4,0.3,0.8306834969265258,333,0.2
1251,0.08,0.6,5.0,0.4,0.3,0.8560053775484018,354,0.2
1252,0.08,0.6,5.0,0.4,0.3,0.8306821188698128,330,0.2
1253,0.08,0.6,5.0,0.4,0.3,0.8361008010892255,356,0.2
1254,0.08,0.6,5.0,0.4,0.3,0.8259804419358792,340,0.2
1255,0.08,0.6,5.0,0.4,0.3,0.8521254485812512,380,0.2
1256,0.08,0.6,5.0,0.4,0.3,0.828593956930096,349,0.2
1257,0.08,0.6,5.0,0.4,0.3,5.290804002677445e-07,54,0.2
1258,0.08,0.6,5.0,0.4,0.3,1.8908671515915106e-06,58,0.2
1259,0.08,0.6,5.0,0.4,0.3,2.733393412300869e-05,66,0.2
1260,0.08,0.6,5.0,0.4,0.3,0.7459612569684088,334,0.2
1261,0.08,0.6,5.0,0.4,0.3,7.804281593602574e-06,63,0.2
1262,0.08,0.6,5.0,0.4,0.3,0.8371657097881192,315,0.2
1263,0.08,0.6,5.0,0.4,0.3,0.8468515420849498,317,0.2
1264,0.08,0.6,5.0,0.4,0.3,0.8125749266863913,326,0.2
1265,0.08,0.6,5.0,0.4,0.3,0.7086883619713255,320,0.2
1266,0.08,0.6,5.0,0.4,0.3,0.6921314247134065,316,0.2
1267,0.08,0.6,5.0,0.4,0.3,0.868918473950846,312,0.2
1268,0.08,0.6,5.0,0.4,0.3,2.021124889166668e-05,65,0.2
1269,0.08,0.6,5.0,0.4,0.3,0.8326579993793852,325,0.2
1270,0.08,0.6,5.0,0.4,0.3,0.8164783853633863,344,0.2
1271,0.08,0.6,5.0,0.4,0.3,0.8760748055803332,322,0.2
1272,0.08,0.6,5.0,0.4,0.3,0.8446833253695653,342,0.2
1273,0.08,0.6,5.0,0.4,0.3,1.5849973141511428e-05,66,0.2
1274,0.08,0.6,5.0,0.4,0.3,0.8465743673475277,325,0.2
1275,0.08,0.6,5.0,0.4,0.3,3.64022736791864e-05,67,0.2
1276,0.08,0.6,5.0,0.4,0.3,0.8277556369766927,328,0.2
1277,0.08,0.6,5.0,0.4,0.3,0.8478848032468171,336,0.2
1278,0.08,0.6,5.0,0.4,0.3,8.184352940994626e-05,69,0.2
1279,0.08,0.6,5.0,0.4,0.3,5.998744782569536e-05,68,0.2
1280,0.08,0.6,5.0,0.4,0.3,0.7911847399156076,337,0.2
1281,0.08,0.6,5.0,0.4,0.3,0.8725710118884797,369,0.2
1282,0.08,0.6,5.0,0.4,0.3,0.8020281444051558,294,0.2
1283,0.08,0.6,5.0,0.4,0.3,7.613086755928581e-07,55,0.2
1284,0.08,0.6,5.0,0.4,0.3,3.8879129467738147e-07,53,0.2
1285,0.08,0.6,5.0,0.4,0.3,2.599255308379362e-05,66,0.2
1286,0.08,0.6,5.0,0.4,0.3,0.6420800192439807,338,0.2
1287,0.08,0.6,5.0,0.4,0.3,4.129524988405325e-06,60,0.2
1288,0.08,0.6,5.0,0.4,0.3,0.8109249120153333,337,0.2
1289,0.08,0.6,5.0,0.4,0.3,0.8660001284876839,348,0.2
1290,0.08,0.6,5.0,0.4,0.3,0.7942747951512336,353,0.2
1291,0.08,0.6,5.0,0.4,0.3,0.8703062326379588,356,0.2
1292,0.08,0.6,5.0,0.4,0.3,4.784494614344185e-05,68,0.2
1293,0.08,0.6,5.0,0.4,0.3,0.8528923350082946,302,0.2
1294,0.08,0.6,5.0,0.4,0.3,0.8222757531608393,341,0.2
1295,0.08,0.6,5.0,0.4,0.3,0.854374969221079,344,0.2
1296,0.08,0.6,5.0,0.4,0.3,0.7268735056280574,331,0.2
1297,0.08,0.6,5.0,0.4,0.3,0.7668687011066861,327,0.2
1298,0.08,0.6,5.0,0.4,0.3,0.841020146597578,225,0.2
1299,0.08,0.6,5.0,0.4,0.3,0.8333444381693588,338,0.2
1300,0.08,0.6,5.0,0.4,0.3,0.7980595618978985,335,0.2
1301,0.08,0.6,5.0,0.4,0.3,0.8525377208065952,338,0.2
1302,0.08,0.6,5.0,0.4,0.3,0.8073524663217493,341,0.2
1303,0.08,0.6,5.0,0.4,0.3,0.7791579869775178,348,0.2
1304,0.08,0.6,5.0,0.4,0.3,5.448422302253037e-06,61,0.2
1305,0.08,0.6,5.0,0.4,0.3,0.8721029378264133,341,0.2
1306,0.08,0.6,5.0,0.4,0.3,0.8420496440501073,336,0.2
1307,0.08,0.6,5.0,0.4,0.3,0.8195185178429761,342,0.2
1308,0.08,0.6,5.0,0.4,0.3,0.8636409911516277,349,0.2
1309,0.08,0.6,5.0,0.4,0.3,1.3537444350083333e-06,57,0.2
1310,0.08,0.6,5.0,0.4,0.3,0.864549882912409,331,0.2
1311,0.08,0.6,5.0,0.4,0.3,0.8250462565525623,303,0.2
1312,0.08,0.6,5.0,0.4,0.3,0.8649799503323563,332,0.2
1313,0.08,0.6,5.0,0.4,0.3,0.7955582276422671,319,0.2
1314,0.08,0.6,5.0,0.4,0.3,0.7890995086567174,348,0.2
1315,0.08,0.6,5.0,0.4,0.3,0.818712481515496,274,0.2
1316,0.08,0.6,5.0,0.4,0.3,0.8243293024590854,334,0.2
1317,0.08,0.6,5.0,0.4,0.3,0.8165474327293157,340,0.2
1318,0.08,0.6,5.0,0.4,0.3,0.850685531683262,337,0.2
1319,0.08,0.6,5.0,0.4,0.3,0.8087237067989679,335,0.2
1320,0.08,0.6,5.0,0.4,0.3,3.6075012530353345e-05,67,0.2
1321,0.08,0.6,5.0,0.4,0.3,1.1515126408483369e-05,63,0.2
1322,0.08,0.6,5.0,0.4,0.3,0.8069447344124006,348,0.2
1323,0.08,0.6,5.0,0.4,0.3,3.0267394735497037e-06,60,0.2
1324,0.08,0.6,5.0,0.4,0.3,1.5029929557397931e-05,65,0.2
1325,0.08,0.6,5.0,0.4,0.3,0.8181879411719417,333,0.2
1326,0.08,0.6,5.0,0.4,0.3,0.8275947442300186,352,0.2
1327,0.08,0.6,5.0,0.4,0.3,1.1134560586646616e-05,63,0.2
1328,0.08,0.6,5.0,0.4,0.3,0.7529664896273416,315,0.2
1329,0.08,0.6,5.0,0.4,0.3,0.7743281620334955,328,0.2
1330,0.08,0.6,5.0,0.4,0.3,0.8329773768281526,230,0.2
1331,0.08,0.6,5.0,0.4,0.3,5.369511543837022e-08,47,0.2
1332,0.08,0.6,5.0,0.4,0.3,0.8321011232117954,341,0.2
1333,0.08,0.6,5.0,0.4,0.3,0.008878727652949782,84,0.2
1334,0.08,0.6,5.0,0.4,0.3,0.832957438779003,364,0.2
1335,0.08,0.6,5.0,0.4,0.3,0.8141854502728374,317,0.2
1336,0.08,0.6,5.0,0.4,0.3,0.782581682133324,342,0.2
1337,0.08,0.6,5.0,0.4,0.3,0.8786029561415997,349,0.2
1338,0.08,0.6,5.0,0.4,0.3,0.8274990514623322,317,0.2
1339,0.08,0.6,5.0,0.4,0.3,0.818133136330535,342,0.2
1340,0.08,0.6,5.0,0.4,0.3,0.8859120898118238,378,0.2
1341,0.08,0.6,5.0,0.4,0.3,0.8375369609300323,349,0.2
1342,0.08,0.6,5.0,0.4,0.3,9.31230609507986e-06,63,0.2
1343,0.08,0.6,5.0,0.4,0.3,4.764041701749009e-06,61,0.2
1344,0.08,0.6,5.0,0.4,0.3,1.9575214940365774e-07,51,0.2
1345,0.08,0.6,5.0,0.4,0.3,0.7416578942284976,257,0.2
1346,0.08,0.6,5.0,0.4,0.3,0.7780918051208968,330,0.2
1347,0.08,0.6,5.0,0.4,0.3,0.8526213691851436,355,0.2
1348,0.08,0.6,5.0,0.4,0.3,0.7006280549723036,300,0.2
1349,0.08,0.6,5.0,0.4,0.3,0.6420849988562419,372,0.2
1350,0.08,0.6,5.0,0.4,0.3,0.8667766585143291,354,0.2
1351,0.08,0.6,5.0,0.4,0.3,0.8573048166446339,339,0.2
1352,0.08,0.6,5.0,0.4,0.3,0.8640679832109642,373,0.2
1353,0.08,0.6,5.0,0.4,0.3,0.8458637577900672,327,0.2
1354,0.08,0.6,5.0,0.4,0.3,0.8554011801640237,328,0.2
1355,0.08,0.6,5.0,0.4,0.3,0.8247719141818016,283,0.2
1356,0.08,0.6,5.0,0.4,0.3,0.8485267219425274,305,0.2
1357,0.08,0.6,5.0,0.4,0.3,0.7387480254558074,344,0.2
1358,0.08,0.6,5.0,0.4,0.3,0.8467798296334708,354,0.2
1359,0.08,0.6,5.0,0.4,0.3,3.7255257046922644e-07,53,0.2
1360,0.08,0.6,5.0,0.4,0.3,0.7477608070192229,343,0.2
1361,0.08,0.6,5.0,0.4,0.3,1.3174560253953471e-07,50,0.2
1362,0.08,0.6,5.0,0.4,0.3,0.842088652475842,312,0.2
1363,0.08,0.6,5.0,0.4,0.3,1.0552128169724313e-06,56,0.2
1364,0.08,0.6,5.0,0.4,0.3,0.7618000486189891,321,0.2
1365,0.08,0.6,5.0,0.4,0.3,0.8597738812996645,308,0.2
1366,0.08,0.6,5.0,0.4,0.3,0.8227076978994675,343,0.2
1367,0.08,0.6,5.0,0.4,0.3,0.8373789129275309,278,0.2
1368,0.08,0.6,5.0,0.4,0.3,0.8361255783047139,338,0.2
1369,0.08,0.6,5.0,0.4,0.3,0.7851055862425763,280,0.2
1370,0.08,0.6,5.0,0.4,0.3,0.8300370416027755,331,0.2
1371,0.08,0.6,5.0,0.4,0.3,0.8112483762023097,292,0.2
1372,0.08,0.6,5.0,0.4,0.3,0.7890549567212122,312,0.2
1373,0.08,0.6,5.0,0.4,0.3,0.7969638814718294,357,0.2
1374,0.08,0.6,5.0,0.4,0.3,0.862165743046443,355,0.2
1375,0.08,0.6,5.0,0.4,0.3,0.8219164454833336,293,0.2
1376,0.08,0.6,5.0,0.4,0.3,0.8238225308056492,314,0.2
1377,0.08,0.6,5.0,0.4,0.3,0.8565253116958284,316,0.2
1378,0.08,0.6,5.0,0.4,0.3,0.8020981388731041,340,0.2
1379,0.08,0.6,5.0,0.4,0.3,0.8411665945138015,319,0.2
1380,0.08,0.6,5.0,0.4,0.3,0.8282270268696273,340,0.2
1381,0.08,0.6,5.0,0.4,0.3,0.7585835649786962,290,0.2
1382,0.08,0.6,5.0,0.4,0.3,0.8343134900711724,329,0.2
1383,0.08,0.6,5.0,0.4,0.3,0.8386394229851163,329,0.2
1384,0.08,0.6,5.0,0.4,0.3,0.8407641702629655,350,0.2
1385,0.08,0.6,5.0,0.4,0.3,0.6884497863497865,321,0.2
1386,0.08,0.6,5.0,0.4,0.3,2.2803507534312734e-06,59,0.2
1387,0.08,0.6,5.0,0.4,0.3,0.8284205493433768,315,0.2
1388,0.08,0.6,5.0,0.4,0.3,0.7600477712823686,296,0.2
1389,0.08,0.6,5.0,0.4,0.3,0.7913182094527262,346,0.2
1390,0.08,0.6,5.0,0.4,0.3,0.7473350813196566,344,0.2
1391,0.08,0.6,5.0,0.4,0.3,0.794380703332218,315,0.2
1392,0.08,0.6,5.0,0.4,0.3,0.8551273616678221,353,0.2
1393,0.08,0.6,5.0,0.4,0.3,0.8110211658956439,354,0.2
1394,0.08,0.6,5.0,0.4,0.3,0.8143896027045797,329,0.2
1395,0.08,0.6,5.0,0.4,0.3,0.6796606698616335,153,0.2
1396,0.08,0.6,5.0,0.4,0.3,0.7965440270468376,338,0.2
1397,0.08,0.6,5.0,0.4,0.3,0.7525038096313159,355,0.2
1398,0.08,0.6,5.0,0.4,0.3,0.799135679127631,345,0.2
1399,0.08,0.6,5.0,0.4,0.3,0.7919918800336558,306,0.2
1400,0.09,0.6,5.0,0.4,0.3,0.8421750540557604,297,0.245
1401,0.09,0.6,5.0,0.4,0.3,0.7997028616766563,306,0.245
1402,0.09,0.6,5.0,0.4,0.3,0.8354494776967378,338,0.245
1403,0.09,0.6,5.0,0.4,0.3,0.761904127533083,341,0.245
1404,0.09,0.6,5.0,0.4,0.3,0.8959496925128202,291,0.245
1405,0.09,0.6,5.0,0.4,0.3,5.952849574268411e-06,61,0.245
1406,0.09,0.6,5.0,0.4,0.3,0.6447126844308207,349,0.245
1407,0.09,0.6,5.0,0.4,0.3,0.8722906236745295,349,0.245
1408,0.09,0.6,5.0,0.4,0.3,0.8265873101790627,309,0.245
1409,0.09,0.6,5.0,0.4,0.3,0.8062811633781707,329,0.245
1410,0.09,0.6,5.0,0.4,0.3,0.7612142996632504,289,0.245
1411,0.09,0.6,5.0,0.4,0.3,0.8289523066173813,299,0.245
1412,0.09,0.6,5.0,0.4,0.3,0.8204366836785962,328,0.245
1413,0.09,0.6,5.0,0.4,0.3,0.8118595313722189,349,0.245
1414,0.09,0.6,5.0,0.4,0.3,0.8021279168637998,346,0.245
1415,0.09,0.6,5.0,0.4,0.3,0.8116122260694312,338,0.245
1416,0.09,0.6,5.0,0.4,0.3,0.8247874662918138,336,0.245
1417,0.09,0.6,5.0,0.4,0.3,0.8152637851114694,310,0.245
1418,0.09,0.6,5.0,0.4,0.3,1.5703017110894655e-06,57,0.245
1419,0.09,0.6,5.0,0.4,0.3,0.8406368202169836,354,0.245
1420,0.09,0.6,5.0,0.4,0.3,0.8465409451917828,292,0.245
1421,0.09,0.6,5.0,0.4,0.3,0.7715564214319561,353,0.245
1422,0.09,0.6,5.0,0.4,0.3,0.8113289712543929,351,0.245
1423,0.09,0.6,5.0,0.4,0.3,0.8412014635595304,326,0.245
1424,0.09,0.6,5.0,0.4,0.3,9.803366611103217e-07,56,0.245
1425,0.09,0.6,5.0,0.4,0.3,4.24114868537395e-07,54,0.245
1426,0.09,0.6,5.0,0.4,0.3,0.0002566037715045454,73,0.245
1427,0.09,0.6,5.0,0.4,0.3,0.0048142894300254105,81,0.245
1428,0.09,0.6,5.0,0.4,0.3,0.8693221858284235,361,0.245
1429,0.09,0.6,5.0,0.4,0.3,0.7817241931098314,378,0.245
1430,0.09,0.6,5.0,0.4,0.3,7.342139072410985e-05,69,0.245
1431,0.09,0.6,5.0,0.4,0.3,0.8546336896817225,348,0.245
1432,0.09,0.6,5.0,0.4,0.3,7.143360219357278e-06,62,0.245
1433,0.09,0.6,5.0,0.4,0.3,0.6650325665785817,349,0.245
1434,0.09,0.6,5.0,0.4,0.3,1.7540044135569414e-05,64,0.245
1435,0.09,0.6,5.0,0.4,0.3,0.7935103841696682,336,0.245
1436,0.09,0.6,5.0,0.4,0.3,0.7204441474426507,331,0.245
1437,0.09,0.6,5.0,0.4,0.3,0.7722397264175644,325,0.245
1438,0.09,0.6,5.0,0.4,0.3,3.0305251750524114e-06,59,0.245
1439,0.09,0.6,5.0,0.4,0.3,2.1506746048721392e-06,58,0.245
1440,0.09,0.6,5.0,0.4,0.3,0.7311809312581299,336,0.245
1441,0.09,0.6,5.0,0.4,0.3,0.7818621677117571,360,0.245
1442,0.09,0.6,5.0,0.4,0.3,0.7694251149268337,332,0.245
1443,0.09,0.6,5.0,0.4,0.3,0.7337947477118624,334,0.245
1444,0.09,0.6,5.0,0.4,0.3,0.6535085107804854,304,0.245
1445,0.09,0.6,5.0,0.4,0.3,0.7358663255058309,361,0.245
1446,0.09,0.6,5.0,0.4,0.3,0.814259858499801,318,0.245
1447,0.09,0.6,5.0,0.4,0.3,0.8148707702174325,320,0.245
1448,0.09,0.6,5.0,0.4,0.3,8.488019805040376e-08,48,0.245
1449,0.09,0.6,5.0,0.4,0.3,0.7749648398410199,353,0.245
1450,0.09,0.6,5.0,0.4,0.3,0.8420839372389375,285,0.245
1451,0.09,0.6,5.0,0.4,0.3,0.8790934852094403,329,0.245
1452,0.09,0.6,5.0,0.4,0.3,0.7699359552296868,363,0.245
1453,0.09,0.6,5.0,0.4,0.3,0.701901684985993,305,0.245
1454,0.09,0.6,5.0,0.4,0.3,0.7841762754999234,340,0.245
1455,0.09,0.6,5.0,0.4,0.3,0.8088769165973905,351,0.245
1456,0.09,0.6,5.0,0.4,0.3,0.8255144099120569,341,0.245
1457,0.09,0.6,5.0,0.4,0.3,5.095104994636641e-07,54,0.245
1458,0.09,0.6,5.0,0.4,0.3,1.9099174594303394e-06,58,0.245
1459,0.09,0.6,5.0,0.4,0.3,0.8528231706684466,321,0.245
1460,0.09,0.6,5.0,0.4,0.3,0.8418207651038123,201,0.245
1461,0.09,0.6,5.0,0.4,0.3,0.8548297590485875,329,0.245
1462,0.09,0.6,5.0,0.4,0.3,0.8197487085447244,322,0.245
1463,0.09,0.6,5.0,0.4,0.3,0.8194123658514356,350,0.245
1464,0.09,0.6,5.0,0.4,0.3,2.127313943539114e-05,65,0.245
1465,0.09,0.6,5.0,0.4,0.3,0.8314972725326861,313,0.245
1466,0.09,0.6,5.0,0.4,0.3,0.841610204054493,324,0.245
1467,0.09,0.6,5.0,0.4,0.3,0.8255718672383329,352,0.245
1468,0.09,0.6,5.0,0.4,0.3,0.8493868452087151,355,0.245
1469,0.09,0.6,5.0,0.4,0.3,0.8218224400806942,314,0.245
1470,0.09,0.6,5.0,0.4,0.3,0.8457637114882028,309,0.245
1471,0.09,0.6,5.0,0.4,0.3,0.7919781662798092,291,0.245
1472,0.09,0.6,5.0,0.4,0.3,0.7492950716189632,343,0.245
1473,0.09,0.6,5.0,0.4,0.3,0.7561020165599445,340,0.245
1474,0.09,0.6,5.0,0.4,0.3,0.8454260431567021,335,0.245
1475,0.09,0.6,5.0,0.4,0.3,0.8413877168429986,310,0.245
1476,0.09,0.6,5.0,0.4,0.3,0.8381134673765003,287,0.245
1477,0.09,0.6,5.0,0.4,0.3,0.8314662634504771,355,0.245
1478,0.09,0.6,5.0,0.4,0.3,1.6630146076148673e-05,64,0.245
1479,0.09,0.6,5.0,0.4,0.3,0.7041923766194652,353,0.245
1480,0.09,0.6,5.0,0.4,0.3,0.7673610035346826,362,0.245
1481,0.09,0.6,5.0,0.4,0.3,0.77283206878352,374,0.245
1482,0.09,0.6,5.0,0.4,0.3,0.8186797055114678,360,0.245
1483,0.09,0.6,5.0,0.4,0.3,0.74593672814809,304,0.245
1484,0.09,0.6,5.0,0.4,0.3,0.7749753779091126,292,0.245
1485,0.09,0.6,5.0,0.4,0.3,0.8524259589355218,354,0.245
1486,0.09,0.6,5.0,0.4,0.3,0.8257395351025747,337,0.245
1487,0.09,0.6,5.0,0.4,0.3,0.5524282684998832,332,0.245
1488,0.09,0.6,5.0,0.4,0.3,0.6977236034805445,325,0.245
1489,0.09,0.6,5.0,0.4,0.3,4.418650124562028e-06,60,0.245
1490,0.09,0.6,5.0,0.4,0.3,0.8399400703043577,337,0.245
1491,0.09,0.6,5.0,0.4,0.3,7.272069705324344e-06,62,0.245
1492,0.09,0.6,5.0,0.4,0.3,0.759540137894338,378,0.245
1493,0.09,0.6,5.0,0.4,0.3,0.7896440024198923,346,0.245
1494,0.09,0.6,5.0,0.4,0.3,0.7251629738609545,311,0.245
1495,0.09,0.6,5.0,0.4,0.3,7.857180786566144e-06,62,0.245
1496,0.09,0.6,5.0,0.4,0.3,1.69099143643316e-05,65,0.245
1497,0.09,0.6,5.0,0.4,0.3,1.8975438665871863e-05,66,0.245
1498,0.09,0.6,5.0,0.4,0.3,0.8937132678521754,330,0.245
1499,0.09,0.6,5.0,0.4,0.3,0.8649844356013624,301,0.245
1500,0.09,0.6,5.0,0.4,0.3,0.864927879013344,316,0.245
1501,0.09,0.6,5.0,0.4,0.3,0.768791101591819,316,0.245
1502,0.09,0.6,5.0,0.4,0.3,0.800990534212168,340,0.245
1503,0.09,0.6,5.0,0.4,0.3,0.8694043974093025,341,0.245
1504,0.09,0.6,5.0,0.4,0.3,0.8638995834636031,329,0.245
1505,0.09,0.6,5.0,0.4,0.3,0.7606469681111581,290,0.245
1506,0.09,0.6,5.0,0.4,0.3,5.886489747469265e-05,68,0.245
1507,0.09,0.6,5.0,0.4,0.3,0.6785784731751006,366,0.245
1508,0.09,0.6,5.0,0.4,0.3,0.8168836708659117,320,0.245
1509,0.09,0.6,5.0,0.4,0.3,0.7728953335552161,302,0.245
1510,0.09,0.6,5.0,0.4,0.3,0.767909657976647,346,0.245
1511,0.09,0.6,5.0,0.4,0.3,0.8109327022770106,308,0.245
1512,0.09,0.6,5.0,0.4,0.3,8.548852644583988e-06,62,0.245
1513,0.09,0.6,5.0,0.4,0.3,2.2283591591672116e-08,44,0.245
1514,0.09,0.6,5.0,0.4,0.3,0.8826585932626303,361,0.245
1515,0.09,0.6,5.0,0.4,0.3,0.7791093246027276,324,0.245
1516,0.09,0.6,5.0,0.4,0.3,3.290664354973158e-05,66,0.245
1517,0.09,0.6,5.0,0.4,0.3,0.00012431482838634928,70,0.245
1518,0.09,0.6,5.0,0.4,0.3,0.7974627395515003,321,0.245
1519,0.09,0.6,5.0,0.4,0.3,0.7541464645087042,341,0.245
1520,0.09,0.6,5.0,0.4,0.3,0.7935084582665173,365,0.245
1521,0.09,0.6,5.0,0.4,0.3,1.5191560953056162e-05,64,0.245
1522,0.09,0.6,5.0,0.4,0.3,0.750362562895276,280,0.245
1523,0.09,0.6,5.0,0.4,0.3,1.2414740244685548e-06,56,0.245
1524,0.09,0.6,5.0,0.4,0.3,0.8523690027188634,266,0.245
1525,0.09,0.6,5.0,0.4,0.3,5.748222601616158e-06,61,0.245
1526,0.09,0.6,5.0,0.4,0.3,0.7240993725941453,349,0.245
1527,0.09,0.6,5.0,0.4,0.3,0.8259246766654731,371,0.245
1528,0.09,0.6,5.0,0.4,0.3,0.7534523383444879,364,0.245
1529,0.09,0.6,5.0,0.4,0.3,0.8225079574021327,297,0.245
1530,0.09,0.6,5.0,0.4,0.3,1.0315236801863632e-05,63,0.245
1531,0.09,0.6,5.0,0.4,0.3,0.8448381290373759,353,0.245
1532,0.09,0.6,5.0,0.4,0.3,0.8254374847418621,281,0.245
1533,0.09,0.6,5.0,0.4,0.3,0.8186029512627545,323,0.245
1534,0.09,0.6,5.0,0.4,0.3,0.6194458274961369,321,0.245
1535,0.09,0.6,5.0,0.4,0.3,0.003376320426474021,80,0.245
1536,0.09,0.6,5.0,0.4,0.3,0.6984413593893347,350,0.245
1537,0.09,0.6,5.0,0.4,0.3,0.8130983131021823,334,0.245
1538,0.09,0.6,5.0,0.4,0.3,0.7895717399669004,342,0.245
1539,0.09,0.6,5.0,0.4,0.3,0.8271545086567462,193,0.245
1540,0.09,0.6,5.0,0.4,0.3,0.852180746715029,276,0.245
1541,0.09,0.6,5.0,0.4,0.3,0.818302156737282,346,0.245
1542,0.09,0.6,5.0,0.4,0.3,0.8490524065153168,339,0.245
1543,0.09,0.6,5.0,0.4,0.3,0.8490679813900599,320,0.245
1544,0.09,0.6,5.0,0.4,0.3,9.87061808201334e-06,63,0.245
1545,0.09,0.6,5.0,0.4,0.3,0.8874604828149248,354,0.245
1546,0.09,0.6,5.0,0.4,0.3,0.7766741793382248,309,0.245
1547,0.09,0.6,5.0,0.4,0.3,0.8396350123817162,322,0.245
1548,0.09,0.6,5.0,0.4,0.3,0.811927636207275,338,0.245
1549,0.09,0.6,5.0,0.4,0.3,0.7299680240248796,322,0.245
1550,0.09,0.6,5.0,0.4,0.3,0.813793706559899,340,0.245
1551,0.09,0.6,5.0,0.4,0.3,0.8619223601270068,240,0.245
1552,0.09,0.6,5.0,0.4,0.3,0.7904448041909954,332,0.245
1553,0.09,0.6,5.0,0.4,0.3,0.7753635714898088,218,0.245
1554,0.09,0.6,5.0,0.4,0.3,0.002029321889525603,79,0.245
1555,0.09,0.6,5.0,0.4,0.3,0.0012997100580208905,78,0.245
1556,0.09,0.6,5.0,0.4,0.3,0.8052211479255915,351,0.245
1557,0.09,0.6,5.0,0.4,0.3,0.7718292814449639,344,0.245
1558,0.09,0.6,5.0,0.4,0.3,0.8482723195224426,267,0.245
1559,0.09,0.6,5.0,0.4,0.3,0.8359590701286432,365,0.245
1560,0.09,0.6,5.0,0.4,0.3,0.8444235798146896,304,0.245
1561,0.09,0.6,5.0,0.4,0.3,0.7638088048629886,333,0.245
1562,0.09,0.6,5.0,0.4,0.3,0.859684079250359,334,0.245
1563,0.09,0.6,5.0,0.4,0.3,4.844818285347938e-05,67,0.245
1564,0.09,0.6,5.0,0.4,0.3,0.8512123168599877,329,0.245
1565,0.09,0.6,5.0,0.4,0.3,0.7933075519045607,269,0.245
1566,0.09,0.6,5.0,0.4,0.3,0.8182124161527984,367,0.245
1567,0.09,0.6,5.0,0.4,0.3,5.877814359939217e-08,47,0.245
1568,0.09,0.6,5.0,0.4,0.3,0.8540180917055985,353,0.245
1569,0.09,0.6,5.0,0.4,0.3,1.0705277805206908e-06,56,0.245
1570,0.09,0.6,5.0,0.4,0.3,7.812307806119355e-05,70,0.245
1571,0.09,0.6,5.0,0.4,0.3,0.8154365815504219,352,0.245
1572,0.09,0.6,5.0,0.4,0.3,0.009491462232999785,84,0.245
1573,0.09,0.6,5.0,0.4,0.3,6.174262361792132e-06,61,0.245
1574,0.09,0.6,5.0,0.4,0.3,5.946821280398857e-08,47,0.245
1575,0.09,0.6,5.0,0.4,0.3,0.8476986017043117,302,0.245
1576,0.09,0.6,5.0,0.4,0.3,0.00016721516500275028,72,0.245
1577,0.09,0.6,5.0,0.4,0.3,0.8488524527683157,336,0.245
1578,0.09,0.6,5.0,0.4,0.3,0.8477549225227741,340,0.245
1579,0.09,0.6,5.0,0.4,0.3,0.7885367494065743,340,0.245
1580,0.09,0.6,5.0,0.4,0.3,6.162088499379267e-07,54,0.245
1581,0.09,0.6,5.0,0.4,0.3,0.8655687573474538,307,0.245
1582,0.09,0.6,5.0,0.4,0.3,0.8224313821304038,297,0.245
1583,0.09,0.6,5.0,0.4,0.3,3.1963901027145794e-07,52,0.245
1584,0.09,0.6,5.0,0.4,0.3,0.8253725708201776,324,0.245
1585,0.09,0.6,5.0,0.4,0.3,2.12009102877978e-05,65,0.245
1586,0.09,0.6,5.0,0.4,0.3,0.8614523095778723,338,0.245
1587,0.09,0.6,5.0,0.4,0.3,0.801048463324497,349,0.245
1588,0.09,0.6,5.0,0.4,0.3,0.8072151938306246,330,0.245
1589,0.09,0.6,5.0,0.4,0.3,0.8542068183725063,355,0.245
1590,0.09,0.6,5.0,0.4,0.3,0.7295422949372621,358,0.245
1591,0.09,0.6,5.0,0.4,0.3,2.739099932166918e-05,66,0.245
1592,0.09,0.6,5.0,0.4,0.3,0.8428551534541023,260,0.245
1593,0.09,0.6,5.0,0.4,0.3,0.844345590715251,341,0.245
1594,0.09,0.6,5.0,0.4,0.3,2.072901820066347e-05,65,0.245
1595,0.09,0.6,5.0,0.4,0.3,0.7751821344995266,341,0.245
1596,0.09,0.6,5.0,0.4,0.3,0.00010400005818796188,70,0.245
1597,0.09,0.6,5.0,0.4,0.3,0.00028839409447685004,73,0.245
1598,0.09,0.6,5.0,0.4,0.3,0.8186964882992196,311,0.245
1599,0.09,0.6,5.0,0.4,0.3,0.7454783998335632,340,0.245
1600,0.1,0.6,5.0,0.4,0.3,0.6405472346824969,299,0.18
1601,0.1,0.6,5.0,0.4,0.3,0.7048261237946222,335,0.18
1602,0.1,0.6,5.0,0.4,0.3,0.8067216350330052,138,0.18
1603,0.1,0.6,5.0,0.4,0.3,0.7739889881183214,334,0.18
1604,0.1,0.6,5.0,0.4,0.3,0.8110747696481613,344,0.18
1605,0.1,0.6,5.0,0.4,0.3,0.8130334715747164,330,0.18
1606,0.1,0.6,5.0,0.4,0.3,0.721313713518891,357,0.18
1607,0.1,0.6,5.0,0.4,0.3,0.8666069197799015,316,0.18
1608,0.1,0.6,5.0,0.4,0.3,0.6965869873569831,320,0.18
1609,0.1,0.6,5.0,0.4,0.3,0.8194794653732889,322,0.18
1610,0.1,0.6,5.0,0.4,0.3,0.8000159281242936,319,0.18
1611,0.1,0.6,5.0,0.4,0.3,0.8525277503450782,301,0.18
1612,0.1,0.6,5.0,0.4,0.3,0.8143753766692013,345,0.18
1613,0.1,0.6,5.0,0.4,0.3,0.8271741626387711,338,0.18
1614,0.1,0.6,5.0,0.4,0.3,0.8051592312722775,310,0.18
1615,0.1,0.6,5.0,0.4,0.3,0.8704746111487538,319,0.18
1616,0.1,0.6,5.0,0.4,0.3,0.8407631954348985,326,0.18
1617,0.1,0.6,5.0,0.4,0.3,0.8211128502723699,350,0.18
1618,0.1,0.6,5.0,0.4,0.3,0.8649011957864269,325,0.18
1619,0.1,0.6,5.0,0.4,0.3,0.8292101455925666,352,0.18
1620,0.1,0.6,5.0,0.4,0.3,0.6521787642660267,215,0.18
1621,0.1,0.6,5.0,0.4,0.3,0.6496179244686809,346,0.18
1622,0.1,0.6,5.0,0.4,0.3,6.242368740943986e-06,62,0.18
1623,0.1,0.6,5.0,0.4,0.3,0.8333017060822249,371,0.18
1624,0.1,0.6,5.0,0.4,0.3,0.7433540256075787,334,0.18
1625,0.1,0.6,5.0,0.4,0.3,0.8637289379580467,334,0.18
1626,0.1,0.6,5.0,0.4,0.3,0.8183089459045153,329,0.18
1627,0.1,0.6,5.0,0.4,0.3,0.8569865185331491,242,0.18
1628,0.1,0.6,5.0,0.4,0.3,0.6652343649053907,206,0.18
1629,0.1,0.6,5.0,0.4,0.3,0.7720218404311308,311,0.18
1630,0.1,0.6,5.0,0.4,0.3,0.7277359331283761,351,0.18
1631,0.1,0.6,5.0,0.4,0.3,0.00012542310624071772,70,0.18
1632,0.1,0.6,5.0,0.4,0.3,9.373439608413393e-08,48,0.18
1633,0.1,0.6,5.0,0.4,0.3,0.6242320018417886,345,0.18
1634,0.1,0.6,5.0,0.4,0.3,0.8761717941419606,354,0.18
1635,0.1,0.6,5.0,0.4,0.3,0.8261863668258245,297,0.18
1636,0.1,0.6,5.0,0.4,0.3,0.8266129045644881,327,0.18
1637,0.1,0.6,5.0,0.4,0.3,0.8429853521547035,327,0.18
1638,0.1,0.6,5.0,0.4,0.3,0.8335583127371664,353,0.18
1639,0.1,0.6,5.0,0.4,0.3,0.7988744531931888,321,0.18
1640,0.1,0.6,5.0,0.4,0.3,0.8311932699017844,355,0.18
1641,0.1,0.6,5.0,0.4,0.3,0.0005418927140415107,74,0.18
1642,0.1,0.6,5.0,0.4,0.3,0.7847943252521352,340,0.18
1643,0.1,0.6,5.0,0.4,0.3,0.7724833424993507,339,0.18
1644,0.1,0.6,5.0,0.4,0.3,0.8322778974118166,341,0.18
1645,0.1,0.6,5.0,0.4,0.3,0.8666460337965263,341,0.18
1646,0.1,0.6,5.0,0.4,0.3,2.633188104444275e-06,59,0.18
1647,0.1,0.6,5.0,0.4,0.3,0.8332757553090143,366,0.18
1648,0.1,0.6,5.0,0.4,0.3,0.7723376668441987,358,0.18
1649,0.1,0.6,5.0,0.4,0.3,0.7416864591564062,349,0.18
1650,0.1,0.6,5.0,0.4,0.3,0.7435841628656908,354,0.18
1651,0.1,0.6,5.0,0.4,0.3,0.8640424953026766,345,0.18
1652,0.1,0.6,5.0,0.4,0.3,0.8308569013735976,321,0.18
1653,0.1,0.6,5.0,0.4,0.3,0.8102035911962399,350,0.18
1654,0.1,0.6,5.0,0.4,0.3,0.7344055530734656,194,0.18
1655,0.1,0.6,5.0,0.4,0.3,0.8133871525254753,320,0.18
1656,0.1,0.6,5.0,0.4,0.3,2.6906734137628403e-06,58,0.18
1657,0.1,0.6,5.0,0.4,0.3,1.0715723516229751e-07,49,0.18
1658,0.1,0.6,5.0,0.4,0.3,1.7405557415211302e-06,57,0.18
1659,0.1,0.6,5.0,0.4,0.3,0.8357326992632027,327,0.18
1660,0.1,0.6,5.0,0.4,0.3,0.8746668373271635,366,0.18
1661,0.1,0.6,5.0,0.4,0.3,0.8403316329654279,288,0.18
1662,0.1,0.6,5.0,0.4,0.3,0.8212171579005627,326,0.18
1663,0.1,0.6,5.0,0.4,0.3,0.7877120906267582,321,0.18
1664,0.1,0.6,5.0,0.4,0.3,0.8784146465256719,338,0.18
1665,0.1,0.6,5.0,0.4,0.3,1.563908037827848e-07,50,0.18
1666,0.1,0.6,5.0,0.4,0.3,0.8444818522749972,317,0.18
1667,0.1,0.6,5.0,0.4,0.3,0.8015000514709695,361,0.18
1668,0.1,0.6,5.0,0.4,0.3,0.00014214820745217686,70,0.18
1669,0.1,0.6,5.0,0.4,0.3,0.6544712307063958,310,0.18
1670,0.1,0.6,5.0,0.4,0.3,0.813513910793366,301,0.18
1671,0.1,0.6,5.0,0.4,0.3,0.7535277282188639,334,0.18
1672,0.1,0.6,5.0,0.4,0.3,0.8372965077119208,339,0.18
1673,0.1,0.6,5.0,0.4,0.3,0.7474497559347499,317,0.18
1674,0.1,0.6,5.0,0.4,0.3,0.7469575989534268,334,0.18
1675,0.1,0.6,5.0,0.4,0.3,0.831993071731448,331,0.18
1676,0.1,0.6,5.0,0.4,0.3,0.8752021363144586,352,0.18
1677,0.1,0.6,5.0,0.4,0.3,1.7987016838563347e-06,57,0.18
1678,0.1,0.6,5.0,0.4,0.3,7.168139462041029e-06,61,0.18
1679,0.1,0.6,5.0,0.4,0.3,0.7255481892726479,328,0.18
1680,0.1,0.6,5.0,0.4,0.3,0.8869557905715909,342,0.18
1681,0.1,0.6,5.0,0.4,0.3,0.7860509938312397,363,0.18
1682,0.1,0.6,5.0,0.4,0.3,0.6351452891215016,296,0.18
1683,0.1,0.6,5.0,0.4,0.3,0.8542278708145572,309,0.18
1684,0.1,0.6,5.0,0.4,0.3,0.8357674319677124,360,0.18
1685,0.1,0.6,5.0,0.4,0.3,0.8754514591942565,279,0.18
1686,0.1,0.6,5.0,0.4,0.3,0.00012181146778305073,70,0.18
1687,0.1,0.6,5.0,0.4,0.3,0.010955813728616625,84,0.18
1688,0.1,0.6,5.0,0.4,0.3,0.8317044480532453,335,0.18
1689,0.1,0.6,5.0,0.4,0.3,8.502493958585205e-07,55,0.18
1690,0.1,0.6,5.0,0.4,0.3,0.8434233990764738,381,0.18
1691,0.1,0.6,5.0,0.4,0.3,0.8137100036131475,364,0.18
1692,0.1,0.6,5.0,0.4,0.3,0.8669162848714913,272,0.18
1693,0.1,0.6,5.0,0.4,0.3,0.8745608823803586,348,0.18
1694,0.1,0.6,5.0,0.4,0.3,0.8091621635825107,366,0.18
1695,0.1,0.6,5.0,0.4,0.3,0.8046614744418392,305,0.18
1696,0.1,0.6,5.0,0.4,0.3,1.9116800909879265e-05,64,0.18
1697,0.1,0.6,5.0,0.4,0.3,0.8027693965366202,323,0.18
1698,0.1,0.6,5.0,0.4,0.3,0.8302136972204023,333,0.18
1699,0.1,0.6,5.0,0.4,0.3,0.724401376699945,351,0.18
1700,0.1,0.6,5.0,0.4,0.3,0.808528333912789,299,0.18
1701,0.1,0.6,5.0,0.4,0.3,0.8297428351421934,354,0.18
1702,0.1,0.6,5.0,0.4,0.3,0.8277086834949342,342,0.18
1703,0.1,0.6,5.0,0.4,0.3,1.3933938892687613e-05,63,0.18
1704,0.1,0.6,5.0,0.4,0.3,0.6769383138136178,368,0.18
1705,0.1,0.6,5.0,0.4,0.3,0.8162255824464062,356,0.18
1706,0.1,0.6,5.0,0.4,0.3,0.8365284811603172,325,0.18
1707,0.1,0.6,5.0,0.4,0.3,0.7974813514048646,336,0.18
1708,0.1,0.6,5.0,0.4,0.3,0.0027701712174504067,80,0.18
1709,0.1,0.6,5.0,0.4,0.3,0.7693928365730518,351,0.18
1710,0.1,0.6,5.0,0.4,0.3,0.8761771266312776,360,0.18
1711,0.1,0.6,5.0,0.4,0.3,1.8232214729096043e-05,66,0.18
1712,0.1,0.6,5.0,0.4,0.3,0.8574201295055095,282,0.18
1713,0.1,0.6,5.0,0.4,0.3,0.8240870689183848,330,0.18
1714,0.1,0.6,5.0,0.4,0.3,0.7331871598548508,351,0.18
1715,0.1,0.6,5.0,0.4,0.3,0.8616443395883245,270,0.18
1716,0.1,0.6,5.0,0.4,0.3,2.111820919462008e-05,65,0.18
1717,0.1,0.6,5.0,0.4,0.3,0.8887781403585461,300,0.18
1718,0.1,0.6,5.0,0.4,0.3,0.7900494918524761,349,0.18
1719,0.1,0.6,5.0,0.4,0.3,0.7714947799713981,351,0.18
1720,0.1,0.6,5.0,0.4,0.3,0.8754227457939922,376,0.18
1721,0.1,0.6,5.0,0.4,0.3,0.7541613529636858,310,0.18
1722,0.1,0.6,5.0,0.4,0.3,0.8158785359358793,349,0.18
1723,0.1,0.6,5.0,0.4,0.3,0.7714275653877616,242,0.18
1724,0.1,0.6,5.0,0.4,0.3,0.8352160914716191,327,0.18
1725,0.1,0.6,5.0,0.4,0.3,3.285012627176851e-05,66,0.18
1726,0.1,0.6,5.0,0.4,0.3,0.7243638597245208,317,0.18
1727,0.1,0.6,5.0,0.4,0.3,1.7440507148602449e-06,57,0.18
1728,0.1,0.6,5.0,0.4,0.3,0.00024585108960604893,72,0.18
1729,0.1,0.6,5.0,0.4,0.3,0.7660715376259051,348,0.18
1730,0.1,0.6,5.0,0.4,0.3,0.7891749139512172,341,0.18
1731,0.1,0.6,5.0,0.4,0.3,0.8225912358317581,344,0.18
1732,0.1,0.6,5.0,0.4,0.3,0.8118801381409997,358,0.18
1733,0.1,0.6,5.0,0.4,0.3,0.8695765663532037,344,0.18
1734,0.1,0.6,5.0,0.4,0.3,0.8875258803398977,333,0.18
1735,0.1,0.6,5.0,0.4,0.3,0.8582607057967043,353,0.18
1736,0.1,0.6,5.0,0.4,0.3,0.7797044471265268,345,0.18
1737,0.1,0.6,5.0,0.4,0.3,0.861808947948626,353,0.18
1738,0.1,0.6,5.0,0.4,0.3,0.0004902663224304316,74,0.18
1739,0.1,0.6,5.0,0.4,0.3,0.856628454301937,341,0.18
1740,0.1,0.6,5.0,0.4,0.3,0.8429570505402113,244,0.18
1741,0.1,0.6,5.0,0.4,0.3,0.6358125110372722,285,0.18
1742,0.1,0.6,5.0,0.4,0.3,0.00016128097401906628,71,0.18
1743,0.1,0.6,5.0,0.4,0.3,0.8662695708394452,331,0.18
1744,0.1,0.6,5.0,0.4,0.3,0.8644836945853248,341,0.18
1745,0.1,0.6,5.0,0.4,0.3,2.187900829360392e-06,58,0.18
1746,0.1,0.6,5.0,0.4,0.3,0.7752460749943682,346,0.18
1747,0.1,0.6,5.0,0.4,0.3,0.8439209754987342,352,0.18
1748,0.1,0.6,5.0,0.4,0.3,0.8259466346039172,336,0.18
1749,0.1,0.6,5.0,0.4,0.3,0.8254660056475218,326,0.18
1750,0.1,0.6,5.0,0.4,0.3,0.6805687828187873,351,0.18
1751,0.1,0.6,5.0,0.4,0.3,0.7707433287080558,309,0.18
1752,0.1,0.6,5.0,0.4,0.3,0.821074111079355,332,0.18
1753,0.1,0.6,5.0,0.4,0.3,0.8732552242289241,336,0.18
1754,0.1,0.6,5.0,0.4,0.3,0.8684332722602249,360,0.18
1755,0.1,0.6,5.0,0.4,0.3,0.8151362490817748,372,0.18
1756,0.1,0.6,5.0,0.4,0.3,0.7981284818287221,353,0.18
1757,0.1,0.6,5.0,0.4,0.3,0.7539779504461788,329,0.18
1758,0.1,0.6,5.0,0.4,0.3,0.8971778493599297,333,0.18
1759,0.1,0.6,5.0,0.4,0.3,0.7341021735686248,347,0.18
1760,0.1,0.6,5.0,0.4,0.3,0.8202753288575396,365,0.18
1761,0.1,0.6,5.0,0.4,0.3,0.859533676915962,342,0.18
1762,0.1,0.6,5.0,0.4,0.3,0.00025137089373413683,72,0.18
1763,0.1,0.6,5.0,0.4,0.3,0.8101549869622511,338,0.18
1764,0.1,0.6,5.0,0.4,0.3,0.8214558790544483,317,0.18
1765,0.1,0.6,5.0,0.4,0.3,0.8817610995994424,344,0.18
1766,0.1,0.6,5.0,0.4,0.3,0.807292181474235,316,0.18
1767,0.1,0.6,5.0,0.4,0.3,9.126808852497927e-07,55,0.18
1768,0.1,0.6,5.0,0.4,0.3,0.8779828330040125,341,0.18
1769,0.1,0.6,5.0,0.4,0.3,8.742500369187363e-06,62,0.18
1770,0.1,0.6,5.0,0.4,0.3,0.8719497615534394,387,0.18
1771,0.1,0.6,5.0,0.4,0.3,0.0008539691508423795,76,0.18
1772,0.1,0.6,5.0,0.4,0.3,0.8088428305333576,298,0.18
1773,0.1,0.6,5.0,0.4,0.3,0.000306214729974372,73,0.18
1774,0.1,0.6,5.0,0.4,0.3,0.8081521488973223,289,0.18
1775,0.1,0.6,5.0,0.4,0.3,0.8461296098530882,350,0.18
1776,0.1,0.6,5.0,0.4,0.3,0.8090659715857195,363,0.18
1777,0.1,0.6,5.0,0.4,0.3,0.7250615979277615,372,0.18
1778,0.1,0.6,5.0,0.4,0.3,1.607457766273178e-05,64,0.18
1779,0.1,0.6,5.0,0.4,0.3,0.8446713036430683,330,0.18
1780,0.1,0.6,5.0,0.4,0.3,0.7008524198778031,351,0.18
1781,0.1,0.6,5.0,0.4,0.3,0.8191905878005208,342,0.18
1782,0.1,0.6,5.0,0.4,0.3,0.7706089507290711,297,0.18
1783,0.1,0.6,5.0,0.4,0.3,0.8541931056977002,295,0.18
1784,0.1,0.6,5.0,0.4,0.3,0.7809481558157692,248,0.18
1785,0.1,0.6,5.0,0.4,0.3,0.0003616613812197217,73,0.18
1786,0.1,0.6,5.0,0.4,0.3,0.7783553443837202,350,0.18
1787,0.1,0.6,5.0,0.4,0.3,0.8190836292020564,310,0.18
1788,0.1,0.6,5.0,0.4,0.3,9.441435012727769e-07,55,0.18
1789,0.1,0.6,5.0,0.4,0.3,0.6693574194286331,294,0.18
1790,0.1,0.6,5.0,0.4,0.3,0.8076379749390856,330,0.18
1791,0.1,0.6,5.0,0.4,0.3,2.696913676875255e-05,65,0.18
1792,0.1,0.6,5.0,0.4,0.3,0.8663455217906241,324,0.18
1793,0.1,0.6,5.0,0.4,0.3,0.8784396569060849,348,0.18
1794,0.1,0.6,5.0,0.4,0.3,0.7841253822300167,364,0.18
1795,0.1,0.6,5.0,0.4,0.3,4.265130785472827e-06,60,0.18
1796,0.1,0.6,5.0,0.4,0.3,0.7850457551199237,351,0.18
1797,0.1,0.6,5.0,0.4,0.3,0.8238786803210961,339,0.18
1798,0.1,0.6,5.0,0.4,0.3,0.8600802588486661,295,0.18
1799,0.1,0.6,5.0,0.4,0.3,0.7509869637243164,339,0.18
1800,0.11,0.6,5.0,0.4,0.3,0.8061422239892434,336,0.155
1801,0.11,0.6,5.0,0.4,0.3,0.8305714577628438,360,0.155
1802,0.11,0.6,5.0,0.4,0.3,0.818840874026546,356,0.155
1803,0.11,0.6,5.0,0.4,0.3,0.7400766086099915,331,0.155
1804,0.11,0.6,5.0,0.4,0.3,0.8060438010332552,333,0.155
1805,0.11,0.6,5.0,0.4,0.3,0.8175521475563312,361,0.155
1806,0.11,0.6,5.0,0.4,0.3,0.8527192229010424,343,0.155
1807,0.11,0.6,5.0,0.4,0.3,0.7539504253936142,343,0.155
1808,0.11,0.6,5.0,0.4,0.3,0.8758981733821959,351,0.155
1809,0.11,0.6,5.0,0.4,0.3,0.8882854389083231,298,0.155
1810,0.11,0.6,5.0,0.4,0.3,0.7779232766642397,338,0.155
1811,0.11,0.6,5.0,0.4,0.3,0.8157907353434163,353,0.155
1812,0.11,0.6,5.0,0.4,0.3,0.8239752923834158,344,0.155
1813,0.11,0.6,5.0,0.4,0.3,0.7883841978612035,283,0.155
1814,0.11,0.6,5.0,0.4,0.3,2.6517901758374353e-07,51,0.155
1815,0.11,0.6,5.0,0.4,0.3,0.8511731923128907,344,0.155
1816,0.11,0.6,5.0,0.4,0.3,4.1556380478557446e-05,67,0.155
1817,0.11,0.6,5.0,0.4,0.3,0.83431554376543,356,0.155
1818,0.11,0.6,5.0,0.4,0.3,0.7908987026410723,322,0.155
1819,0.11,0.6,5.0,0.4,0.3,0.7885240197603542,317,0.155
1820,0.11,0.6,5.0,0.4,0.3,0.7803627854846364,371,0.155
1821,0.11,0.6,5.0,0.4,0.3,1.8807914916939398e-05,64,0.155
1822,0.11,0.6,5.0,0.4,0.3,0.6928438803846524,331,0.155
1823,0.11,0.6,5.0,0.4,0.3,0.787521700547203,325,0.155
1824,0.11,0.6,5.0,0.4,0.3,0.7560628749851958,335,0.155
1825,0.11,0.6,5.0,0.4,0.3,3.6304904772936247e-06,59,0.155
1826,0.11,0.6,5.0,0.4,0.3,0.7951100042609689,372,0.155
1827,0.11,0.6,5.0,0.4,0.3,0.00021244315740427065,71,0.155
1828,0.11,0.6,5.0,0.4,0.3,0.7650663155952279,278,0.155
1829,0.11,0.6,5.0,0.4,0.3,0.8338966066736605,354,0.155
1830,0.11,0.6,5.0,0.4,0.3,1.1100561168989173e-05,63,0.155
1831,0.11,0.6,5.0,0.4,0.3,0.7410140548275068,352,0.155
1832,0.11,0.6,5.0,0.4,0.3,0.7526273243529623,347,0.155
1833,0.11,0.6,5.0,0.4,0.3,0.7761503893081669,347,0.155
1834,0.11,0.6,5.0,0.4,0.3,2.776705927586883e-07,51,0.155
1835,0.11,0.6,5.0,0.4,0.3,0.7397487581201155,338,0.155
1836,0.11,0.6,5.0,0.4,0.3,0.8828192943316437,316,0.155
1837,0.11,0.6,5.0,0.4,0.3,0.8214314231384126,352,0.155
1838,0.11,0.6,5.0,0.4,0.3,0.0020067554918899466,80,0.155
1839,0.11,0.6,5.0,0.4,0.3,0.828878151688173,306,0.155
1840,0.11,0.6,5.0,0.4,0.3,0.8403209574629089,346,0.155
1841,0.11,0.6,5.0,0.4,0.3,0.8445677367391612,364,0.155
1842,0.11,0.6,5.0,0.4,0.3,0.7656337119014216,328,0.155
1843,0.11,0.6,5.0,0.4,0.3,4.936681140545083e-05,67,0.155
1844,0.11,0.6,5.0,0.4,0.3,0.8150614947623189,300,0.155
1845,0.11,0.6,5.0,0.4,0.3,0.8502573162323451,348,0.155
1846,0.11,0.6,5.0,0.4,0.3,0.8868688282282855,325,0.155
1847,0.11,0.6,5.0,0.4,0.3,0.00013619847123656575,70,0.155
1848,0.11,0.6,5.0,0.4,0.3,0.7611666543194506,349,0.155
1849,0.11,0.6,5.0,0.4,0.3,0.8546994004153733,355,0.155
1850,0.11,0.6,5.0,0.4,0.3,0.7600351145967269,356,0.155
1851,0.11,0.6,5.0,0.4,0.3,0.8960010919753603,345,0.155
1852,0.11,0.6,5.0,0.4,0.3,0.8023158322033057,341,0.155
1853,0.11,0.6,5.0,0.4,0.3,0.8463314198303833,325,0.155
1854,0.11,0.6,5.0,0.4,0.3,0.8539076530038873,374,0.155
1855,0.11,0.6,5.0,0.4,0.3,0.787591928162824,335,0.155
1856,0.11,0.6,5.0,0.4,0.3,0.7273920403528296,345,0.155
1857,0.11,0.6,5.0,0.4,0.3,0.7337665660818541,350,0.155
1858,0.11,0.6,5.0,0.4,0.3,0.7132160096506972,267,0.155
1859,0.11,0.6,5.0,0.4,0.3,0.8738120794529574,362,0.155
1860,0.11,0.6,5.0,0.4,0.3,0.8694433681145708,330,0.155
1861,0.11,0.6,5.0,0.4,0.3,0.8021719646892468,359,0.155
1862,0.11,0.6,5.0,0.4,0.3,0.8674501753659651,365,0.155
1863,0.11,0.6,5.0,0.4,0.3,0.7721406291056498,348,0.155
1864,0.11,0.6,5.0,0.4,0.3,0.7641047492945623,344,0.155
1865,0.11,0.6,5.0,0.4,0.3,0.8033444486331602,374,0.155
1866,0.11,0.6,5.0,0.4,0.3,0.8544698524603798,372,0.155
1867,0.11,0.6,5.0,0.4,0.3,0.836109844563475,332,0.155
1868,0.11,0.6,5.0,0.4,0.3,0.7932885950692644,345,0.155
1869,0.11,0.6,5.0,0.4,0.3,1.4213000611285059e-06,56,0.155
1870,0.11,0.6,5.0,0.4,0.3,0.8844608479213394,344,0.155
1871,0.11,0.6,5.0,0.4,0.3,0.8421259694633779,285,0.155
1872,0.11,0.6,5.0,0.4,0.3,2.8463705565922902e-06,58,0.155
1873,0.11,0.6,5.0,0.4,0.3,0.8325636787144141,375,0.155
1874,0.11,0.6,5.0,0.4,0.3,8.432792940646513e-07,55,0.155
1875,0.11,0.6,5.0,0.4,0.3,0.8311705508584383,300,0.155
1876,0.11,0.6,5.0,0.4,0.3,0.8038725361307294,318,0.155
1877,0.11,0.6,5.0,0.4,0.3,1.0655597248854438e-05,62,0.155
1878,0.11,0.6,5.0,0.4,0.3,0.8090755877541452,383,0.155
1879,0.11,0.6,5.0,0.4,0.3,0.8577495725177329,346,0.155
1880,0.11,0.6,5.0,0.4,0.3,0.8468824295479261,355,0.155
1881,0.11,0.6,5.0,0.4,0.3,0.7880439157128764,349,0.155
1882,0.11,0.6,5.0,0.4,0.3,0.7126095662453845,318,0.155
1883,0.11,0.6,5.0,0.4,0.3,0.5770307859246794,342,0.155
1884,0.11,0.6,5.0,0.4,0.3,0.841107470177481,329,0.155
1885,0.11,0.6,5.0,0.4,0.3,0.7870554816156121,329,0.155
1886,0.11,0.6,5.0,0.4,0.3,0.7842610680849199,314,0.155
1887,0.11,0.6,5.0,0.4,0.3,0.7876230431814948,326,0.155
1888,0.11,0.6,5.0,0.4,0.3,0.8162840317190101,347,0.155
1889,0.11,0.6,5.0,0.4,0.3,0.8794054589589788,365,0.155
1890,0.11,0.6,5.0,0.4,0.3,0.8693125168484497,358,0.155
1891,0.11,0.6,5.0,0.4,0.3,0.7673603384994672,334,0.155
1892,0.11,0.6,5.0,0.4,0.3,0.8424004171210979,331,0.155
1893,0.11,0.6,5.0,0.4,0.3,0.8481826987037383,328,0.155
1894,0.11,0.6,5.0,0.4,0.3,0.8402574059843719,346,0.155
1895,0.11,0.6,5.0,0.4,0.3,0.7937547562909236,356,0.155
1896,0.11,0.6,5.0,0.4,0.3,0.5809993934573843,293,0.155
1897,0.11,0.6,5.0,0.4,0.3,0.01458852310981655,86,0.155
1898,0.11,0.6,5.0,0.4,0.3,0.8522745217870852,315,0.155
1899,0.11,0.6,5.0,0.4,0.3,0.7885320546359195,355,0.155
1900,0.11,0.6,5.0,0.4,0.3,0.7923646365335676,321,0.155
1901,0.11,0.6,5.0,0.4,0.3,0.8531101504828259,332,0.155
1902,0.11,0.6,5.0,0.4,0.3,0.7687617982671919,375,0.155
1903,0.11,0.6,5.0,0.4,0.3,0.8058462279694981,327,0.155
1904,0.11,0.6,5.0,0.4,0.3,0.8217934888239945,350,0.155
1905,0.11,0.6,5.0,0.4,0.3,1.0172655037562165e-06,55,0.155
1906,0.11,0.6,5.0,0.4,0.3,0.8190144578105772,340,0.155
1907,0.11,0.6,5.0,0.4,0.3,0.8506611205681209,366,0.155
1908,0.11,0.6,5.0,0.4,0.3,0.7584262097835233,373,0.155
1909,0.11,0.6,5.0,0.4,0.3,0.7646399024842783,352,0.155
1910,0.11,0.6,5.0,0.4,0.3,0.7731646487603923,348,0.155
1911,0.11,0.6,5.0,0.4,0.3,0.861148305457891,358,0.155
1912,0.11,0.6,5.0,0.4,0.3,0.761963658601719,374,0.155
1913,0.11,0.6,5.0,0.4,0.3,0.821497683518519,348,0.155
1914,0.11,0.6,5.0,0.4,0.3,0.7393616409608195,347,0.155
1915,0.11,0.6,5.0,0.4,0.3,2.513445554885832e-05,65,0.155
1916,0.11,0.6,5.0,0.4,0.3,0.7993966151248989,355,0.155
1917,0.11,0.6,5.0,0.4,0.3,0.8353493377646795,364,0.155
1918,0.11,0.6,5.0,0.4,0.3,0.8462760333889614,363,0.155
1919,0.11,0.6,5.0,0.4,0.3,5.217875390403262e-06,61,0.155
1920,0.11,0.6,5.0,0.4,0.3,0.7993144886826901,335,0.155
1921,0.11,0.6,5.0,0.4,0.3,0.0001400472264374068,70,0.155
1922,0.11,0.6,5.0,0.4,0.3,4.023942084141293e-07,53,0.155
1923,0.11,0.6,5.0,0.4,0.3,0.7757969818910107,353,0.155
1924,0.11,0.6,5.0,0.4,0.3,0.6839945616905793,338,0.155
1925,0.11,0.6,5.0,0.4,0.3,0.8667608483288819,309,0.155
1926,0.11,0.6,5.0,0.4,0.3,0.720780310334923,306,0.155
1927,0.11,0.6,5.0,0.4,0.3,0.7684937120055308,334,0.155
1928,0.11,0.6,5.0,0.4,0.3,0.8318449422421933,262,0.155
1929,0.11,0.6,5.0,0.4,0.3,7.029112086709683e-06,61,0.155
1930,0.11,0.6,5.0,0.4,0.3,0.8616996920020171,310,0.155
1931,0.11,0.6,5.0,0.4,0.3,0.8184831982251147,303,0.155
1932,0.11,0.6,5.0,0.4,0.3,0.8068881001546335,339,0.155
1933,0.11,0.6,5.0,0.4,0.3,0.8294537105517186,346,0.155
1934,0.11,0.6,5.0,0.4,0.3,0.8175099278697635,323,0.155
1935,0.11,0.6,5.0,0.4,0.3,0.8196548078088981,339,0.155
1936,0.11,0.6,5.0,0.4,0.3,0.7395538476114641,346,0.155
1937,0.11,0.6,5.0,0.4,0.3,0.8521487228591814,333,0.155
1938,0.11,0.6,5.0,0.4,0.3,0.8753744338250161,309,0.155
1939,0.11,0.6,5.0,0.4,0.3,0.6905316333609439,303,0.155
1940,0.11,0.6,5.0,0.4,0.3,0.7794094926265224,344,0.155
1941,0.11,0.6,5.0,0.4,0.3,0.7834677990280791,327,0.155
1942,0.11,0.6,5.0,0.4,0.3,0.8702448069998006,369,0.155
1943,0.11,0.6,5.0,0.4,0.3,0.8424771496343865,321,0.155
1944,0.11,0.6,5.0,0.4,0.3,3.374265331318652e-05,66,0.155
1945,0.11,0.6,5.0,0.4,0.3,7.63568006063798e-06,61,0.155
1946,0.11,0.6,5.0,0.4,0.3,0.0013529749291824398,77,0.155
1947,0.11,0.6,5.0,0.4,0.3,0.8606675350674667,359,0.155
1948,0.11,0.6,5.0,0.4,0.3,0.0004885812730122064,75,0.155
1949,0.11,0.6,5.0,0.4,0.3,5.009171005910057e-08,46,0.155
1950,0.11,0.6,5.0,0.4,0.3,0.8444820425753778,312,0.155
1951,0.11,0.6,5.0,0.4,0.3,0.861751846038157,339,0.155
1952,0.11,0.6,5.0,0.4,0.3,0.7947403236440961,350,0.155
1953,0.11,0.6,5.0,0.4,0.3,0.7912159020545446,355,0.155
1954,0.11,0.6,5.0,0.4,0.3,0.6998733064653715,174,0.155
1955,0.11,0.6,5.0,0.4,0.3,0.6361265389451249,321,0.155
1956,0.11,0.6,5.0,0.4,0.3,0.7466455887139224,368,0.155
1957,0.11,0.6,5.0,0.4,0.3,0.8578047153718473,356,0.155
1958,0.11,0.6,5.0,0.4,0.3,0.7923553913080739,324,0.155
1959,0.11,0.6,5.0,0.4,0.3,0.8648080033627301,325,0.155
1960,0.11,0.6,5.0,0.4,0.3,0.6584476696830918,306,0.155
1961,0.11,0.6,5.0,0.4,0.3,0.801189474660014,340,0.155
1962,0.11,0.6,5.0,0.4,0.3,0.8575321094781776,317,0.155
1963,0.11,0.6,5.0,0.4,0.3,0.8344236142094007,361,0.155
1964,0.11,0.6,5.0,0.4,0.3,0.8324461399566639,353,0.155
1965,0.11,0.6,5.0,0.4,0.3,0.7828211753935664,318,0.155
1966,0.11,0.6,5.0,0.4,0.3,0.7801710516566185,370,0.155
1967,0.11,0.6,5.0,0.4,0.3,0.8133040808337313,349,0.155
1968,0.11,0.6,5.0,0.4,0.3,0.8554590703986907,272,0.155
1969,0.11,0.6,5.0,0.4,0.3,0.7529227193485394,335,0.155
1970,0.11,0.6,5.0,0.4,0.3,0.8370179611680065,339,0.155
1971,0.11,0.6,5.0,0.4,0.3,0.7817749500329476,315,0.155
1972,0.11,0.6,5.0,0.4,0.3,0.8435543291111692,197,0.155
1973,0.11,0.6,5.0,0.4,0.3,0.8461529784191604,319,0.155
1974,0.11,0.6,5.0,0.4,0.3,0.7742976681206981,317,0.155
1975,0.11,0.6,5.0,0.4,0.3,0.871953661357224,317,0.155
1976,0.11,0.6,5.0,0.4,0.3,0.7764552071208641,345,0.155
1977,0.11,0.6,5.0,0.4,0.3,7.483958528424751e-06,62,0.155
1978,0.11,0.6,5.0,0.4,0.3,0.7866701841007272,336,0.155
1979,0.11,0.6,5.0,0.4,0.3,0.8028930769520741,313,0.155
1980,0.11,0.6,5.0,0.4,0.3,3.639743490321811e-07,52,0.155
1981,0.11,0.6,5.0,0.4,0.3,0.8325586338534845,244,0.155
1982,0.11,0.6,5.0,0.4,0.3,2.581895154543904e-07,51,0.155
1983,0.11,0.6,5.0,0.4,0.3,0.8353664829493885,333,0.155
1984,0.11,0.6,5.0,0.4,0.3,0.8090074643340266,166,0.155
1985,0.11,0.6,5.0,0.4,0.3,0.744727005681831,361,0.155
1986,0.11,0.6,5.0,0.4,0.3,0.8521114552979402,345,0.155
1987,0.11,0.6,5.0,0.4,0.3,0.872529499597606,335,0.155
1988,0.11,0.6,5.0,0.4,0.3,0.8536038733948316,295,0.155
1989,0.11,0.6,5.0,0.4,0.3,0.8832178562504076,354,0.155
1990,0.11,0.6,5.0,0.4,0.3,0.7285699268997219,321,0.155
1991,0.11,0.6,5.0,0.4,0.3,0.8520152385796844,359,0.155
1992,0.11,0.6,5.0,0.4,0.3,7.184579773957676e-07,54,0.155
1993,0.11,0.6,5.0,0.4,0.3,0.8343334931213416,358,0.155
1994,0.11,0.6,5.0,0.4,0.3,0.775827231083455,368,0.155
1995,0.11,0.6,5.0,0.4,0.3,0.8413400691596562,331,0.155
1996,0.11,0.6,5.0,0.4,0.3,0.8403574269272086,354,0.155
1997,0.11,0.6,5.0,0.4,0.3,0.7858207959227799,309,0.155
1998,0.11,0.6,5.0,0.4,0.3,4.367185084495605e-07,53,0.155
1999,0.11,0.6,5.0,0.4,0.3,0.8544238489008836,348,0.155
2000,0.12,0.6,5.0,0.4,0.3,0.8708512717556152,323,0.1
2001,0.12,0.6,5.0,0.4,0.3,0.8600508414604356,325,0.1
2002,0.12,0.6,5.0,0.4,0.3,0.751165374705675,328,0.1
2003,0.12,0.6,5.0,0.4,0.3,0.8504973762653851,293,0.1
2004,0.12,0.6,5.0,0.4,0.3,0.7236429443112293,325,0.1
2005,0.12,0.6,5.0,0.4,0.3,0.8045759097784777,299,0.1
2006,0.12,0.6,5.0,0.4,0.3,7.269648649192337e-07,54,0.1
2007,0.12,0.6,5.0,0.4,0.3,0.8298699230532482,373,0.1
2008,0.12,0.6,5.0,0.4,0.3,7.5508263114429695e-06,61,0.1
2009,0.12,0.6,5.0,0.4,0.3,0.7876252774457408,357,0.1
2010,0.12,0.6,5.0,0.4,0.3,0.7751174955592395,333,0.1
2011,0.12,0.6,5.0,0.4,0.3,0.7507471926442723,340,0.1
2012,0.12,0.6,5.0,0.4,0.3,0.8559061092090876,330,0.1
2013,0.12,0.6,5.0,0.4,0.3,0.83799874545525,314,0.1
2014,0.12,0.6,5.0,0.4,0.3,0.8612209588806309,362,0.1
2015,0.12,0.6,5.0,0.4,0.3,0.7981239553187656,369,0.1
2016,0.12,0.6,5.0,0.4,0.3,0.7534200089902254,326,0.1
2017,0.12,0.6,5.0,0.4,0.3,0.8726375833423136,374,0.1
2018,0.12,0.6,5.0,0.4,0.3,0.7562911905435566,192,0.1
2019,0.12,0.6,5.0,0.4,0.3,0.8230384930653428,339,0.1
2020,0.12,0.6,5.0,0.4,0.3,0.8610109545443478,341,0.1
2021,0.12,0.6,5.0,0.4,0.3,0.8828405970811959,305,0.1
2022,0.12,0.6,5.0,0.4,0.3,0.8414017909482455,306,0.1
2023,0.12,0.6,5.0,0.4,0.3,0.7292441004047396,372,0.1
2024,0.12,0.6,5.0,0.4,0.3,0.7915805379498541,339,0.1
2025,0.12,0.6,5.0,0.4,0.3,0.7887939455993911,345,0.1
2026,0.12,0.6,5.0,0.4,0.3,0.8064484672457594,345,0.1
2027,0.12,0.6,5.0,0.4,0.3,2.3160694653447135e-05,65,0.1
2028,0.12,0.6,5.0,0.4,0.3,0.826223514731968,322,0.1
2029,0.12,0.6,5.0,0.4,0.3,0.8034361182665012,330,0.1
2030,0.12,0.6,5.0,0.4,0.3,0.8533435601077431,347,0.1
2031,0.12,0.6,5.0,0.4,0.3,0.8412553376173784,349,0.1
2032,0.12,0.6,5.0,0.4,0.3,0.7375325799983279,324,0.1
2033,0.12,0.6,5.0,0.4,0.3,0.7970688216305285,357,0.1
2034,0.12,0.6,5.0,0.4,0.3,0.8398566050678052,338,0.1
2035,0.12,0.6,5.0,0.4,0.3,0.8246689551127936,330,0.1
2036,0.12,0.6,5.0,0.4,0.3,0.8259375317926645,335,0.1
2037,0.12,0.6,5.0,0.4,0.3,0.8200920018681291,268,0.1
2038,0.12,0.6,5.0,0.4,0.3,0.8277914409997112,339,0.1
2039,0.12,0.6,5.0,0.4,0.3,0.8766927015950883,335,0.1
2040,0.12,0.6,5.0,0.4,0.3,0.7234451376560324,359,0.1
2041,0.12,0.6,5.0,0.4,0.3,0.7426274232061463,321,0.1
2042,0.12,0.6,5.0,0.4,0.3,0.7699262527735896,132,0.1
2043,0.12,0.6,5.0,0.4,0.3,0.6822581026938245,350,0.1
2044,0.12,0.6,5.0,0.4,0.3,0.744340773669043,300,0.1
2045,0.12,0.6,5.0,0.4,0.3,0.8282274550625988,125,0.1
2046,0.12,0.6,5.0,0.4,0.3,0.6788396553485988,336,0.1
2047,0.12,0.6,5.0,0.4,0.3,0.7465966130842528,312,0.1
2048,0.12,0.6,5.0,0.4,0.3,0.8152987974383966,330,0.1
2049,0.12,0.6,5.0,0.4,0.3,6.00219814144465e-07,53,0.1
2050,0.12,0.6,5.0,0.4,0.3,0.762169977750467,326,0.1
2051,0.12,0.6,5.0,0.4,0.3,0.7592017601462526,360,0.1
2052,0.12,0.6,5.0,0.4,0.3,0.7080073032921338,338,0.1
2053,0.12,0.6,5.0,0.4,0.3,0.8039804966635893,338,0.1
2054,0.12,0.6,5.0,0.4,0.3,0.8401721043798313,340,0.1
2055,0.12,0.6,5.0,0.4,0.3,0.8609980787408037,360,0.1
2056,0.12,0.6,5.0,0.4,0.3,1.683287051908967e-05,63,0.1
2057,0.12,0.6,5.0,0.4,0.3,0.8198426145593479,355,0.1
2058,0.12,0.6,5.0,0.4,0.3,0.83444124930413,334,0.1
2059,0.12,0.6,5.0,0.4,0.3,0.8356813169657442,343,0.1
2060,0.12,0.6,5.0,0.4,0.3,0.8549448873150814,346,0.1
2061,0.12,0.6,5.0,0.4,0.3,0.7325227101289,330,0.1
2062,0.12,0.6,5.0,0.4,0.3,0.7721879749857897,360,0.1
2063,0.12,0.6,5.0,0.4,0.3,0.8852287529766281,336,0.1
2064,0.12,0.6,5.0,0.4,0.3,0.640302579106152,335,0.1
2065,0.12,0.6,5.0,0.4,0.3,0.7363382862987865,330,0.1
2066,0.12,0.6,5.0,0.4,0.3,0.8659946248326496,337,0.1
2067,0.12,0.6,5.0,0.4,0.3,0.7579194422671948,328,0.1
2068,0.12,0.6,5.0,0.4,0.3,0.5788280552052792,368,0.1
2069,0.12,0.6,5.0,0.4,0.3,0.8454489395766339,303,0.1
2070,0.12,0.6,5.0,0.4,0.3,0.8826134601109219,348,0.1
2071,0.12,0.6,5.0,0.4,0.3,0.8345652571083858,353,0.1
2072,0.12,0.6,5.0,0.4,0.3,2.5820692316438295e-08,44,0.1
2073,0.12,0.6,5.0,0.4,0.3,0.6825504069854925,300,0.1
2074,0.12,0.6,5.0,0.4,0.3,0.7446879480810745,324,0.1
2075,0.12,0.6,5.0,0.4,0.3,0.7726123496658291,348,0.1
2076,0.12,0.6,5.0,0.4,0.3,0.8547834146457091,336,0.1
2077,0.12,0.6,5.0,0.4,0.3,0.7410515011420815,341,0.1
2078,0.12,0.6,5.0,0.4,0.3,0.662772696265187,337,0.1
2079,0.12,0.6,5.0,0.4,0.3,0.8320715664832427,339,0.1
2080,0.12,0.6,5.0,0.4,0.3,0.7329479649316397,332,0.1
2081,0.12,0.6,5.0,0.4,0.3,0.7157696758513329,338,0.1
2082,0.12,0.6,5.0,0.4,0.3,0.7530473632586064,328,0.1
2083,0.12,0.6,5.0,0.4,0.3,0.7923230581444027,340,0.1
2084,0.12,0.6,5.0,0.4,0.3,0.8850624535081221,358,0.1
2085,0.12,0.6,5.0,0.4,0.3,0.8372350729974097,314,0.1
2086,0.12,0.6,5.0,0.4,0.3,0.8101083903860755,361,0.1
2087,0.12,0.6,5.0,0.4,0.3,0.8617435440885373,341,0.1
2088,0.12,0.6,5.0,0.4,0.3,0.8227106274968397,340,0.1
2089,0.12,0.6,5.0,0.4,0.3,0.69604550557119,352,0.1
2090,0.12,0.6,5.0,0.4,0.3,0.6603822880340787,349,0.1
2091,0.12,0.6,5.0,0.4,0.3,0.7601137451880575,346,0.1
2092,0.12,0.6,5.0,0.4,0.3,0.848749379718649,317,0.1
2093,0.12,0.6,5.0,0.4,0.3,0.8601299384835295,343,0.1
2094,0.12,0.6,5.0,0.4,0.3,0.8360975926195152,331,0.1
2095,0.12,0.6,5.0,0.4,0.3,0.8376624939493694,339,0.1
2096,0.12,0.6,5.0,0.4,0.3,0.7793798543317263,342,0.1
2097,0.12,0.6,5.0,0.4,0.3,0.8062154139483783,352,0.1
2098,0.12,0.6,5.0,0.4,0.3,0.8870802522210367,340,0.1
2099,0.12,0.6,5.0,0.4,0.3,0.00011866265491138156,70,0.1
2100,0.12,0.6,5.0,0.4,0.3,0.6644735766593274,344,0.1
2101,0.12,0.6,5.0,0.4,0.3,0.81504825803523,356,0.1
2102,0.12,0.6,5.0,0.4,0.3,0.000310003597933897,72,0.1
2103,0.12,0.6,5.0,0.4,0.3,0.7299122672593235,325,0.1
2104,0.12,0.6,5.0,0.4,0.3,0.8045103690442802,341,0.1
2105,0.12,0.6,5.0,0.4,0.3,0.7966690549469191,342,0.1
2106,0.12,0.6,5.0,0.4,0.3,0.6036886990349709,365,0.1
2107,0.12,0.6,5.0,0.4,0.3,0.7209223879572662,361,0.1
2108,0.12,0.6,5.0,0.4,0.3,0.8145188322954423,229,0.1
2109,0.12,0.6,5.0,0.4,0.3,0.7852305807596032,329,0.1
2110,0.12,0.6,5.0,0.4,0.3,0.7974739958287822,349,0.1
2111,0.12,0.6,5.0,0.4,0.3,1.015390071560548e-06,55,0.1
2112,0.12,0.6,5.0,0.4,0.3,0.8392760537791595,367,0.1
2113,0.12,0.6,5.0,0.4,0.3,0.8483226755866126,345,0.1
2114,0.12,0.6,5.0,0.4,0.3,0.7970856964410782,334,0.1
2115,0.12,0.6,5.0,0.4,0.3,0.7975891229391345,358,0.1
2116,0.12,0.6,5.0,0.4,0.3,0.7621067389527316,352,0.1
2117,0.12,0.6,5.0,0.4,0.3,0.7993560598572512,341,0.1
2118,0.12,0.6,5.0,0.4,0.3,0.7635038021782778,352,0.1
2119,0.12,0.6,5.0,0.4,0.3,6.595269650622553e-07,54,0.1
2120,0.12,0.6,5.0,0.4,0.3,0.8104422292969887,336,0.1
2121,0.12,0.6,5.0,0.4,0.3,0.8261541828254501,324,0.1
2122,0.12,0.6,5.0,0.4,0.3,0.8594816108559811,306,0.1
2123,0.12,0.6,5.0,0.4,0.3,0.7744120641659183,352,0.1
2124,0.12,0.6,5.0,0.4,0.3,0.7104561730555984,277,0.1
2125,0.12,0.6,5.0,0.4,0.3,0.8248130020377822,331,0.1
2126,0.12,0.6,5.0,0.4,0.3,0.844573344772598,368,0.1
2127,0.12,0.6,5.0,0.4,0.3,0.854692966842341,333,0.1
2128,0.12,0.6,5.0,0.4,0.3,0.7996692436145363,317,0.1
2129,0.12,0.6,5.0,0.4,0.3,0.0001745305446894326,71,0.1
2130,0.12,0.6,5.0,0.4,0.3,1.919619644896138e-05,64,0.1
2131,0.12,0.6,5.0,0.4,0.3,0.8559884366876266,327,0.1
2132,0.12,0.6,5.0,0.4,0.3,0.8681069763650519,327,0.1
2133,0.12,0.6,5.0,0.4,0.3,0.8583095967497403,358,0.1
2134,0.12,0.6,5.0,0.4,0.3,0.8814679358651203,322,0.1
2135,0.12,0.6,5.0,0.4,0.3,0.8020303181150944,340,0.1
2136,0.12,0.6,5.0,0.4,0.3,6.00660860353484e-06,60,0.1
2137,0.12,0.6,5.0,0.4,0.3,0.7117839350099744,234,0.1
2138,0.12,0.6,5.0,0.4,0.3,1.3426337450546818e-05,63,0.1
2139,0.12,0.6,5.0,0.4,0.3,0.7750866647644573,343,0.1
2140,0.12,0.6,5.0,0.4,0.3,0.8158186010831681,334,0.1
2141,0.12,0.6,5.0,0.4,0.3,0.7994264445188941,339,0.1
2142,0.12,0.6,5.0,0.4,0.3,0.8196806910013563,338,0.1
2143,0.12,0.6,5.0,0.4,0.3,0.8055104895252926,331,0.1
2144,0.12,0.6,5.0,0.4,0.3,0.8079800619480886,361,0.1
2145,0.12,0.6,5.0,0.4,0.3,0.830969916456937,335,0.1
2146,0.12,0.6,5.0,0.4,0.3,0.874633990555057,370,0.1
2147,0.12,0.6,5.0,0.4,0.3,5.226533415533603e-07,53,0.1
2148,0.12,0.6,5.0,0.4,0.3,0.8788273434015655,320,0.1
2149,0.12,0.6,5.0,0.4,0.3,0.7396160662574064,347,0.1
2150,0.12,0.6,5.0,0.4,0.3,0.8560200514566663,331,0.1
2151,0.12,0.6,5.0,0.4,0.3,6.421231893004629e-06,60,0.1
2152,0.12,0.6,5.0,0.4,0.3,0.8313701803432332,341,0.1
2153,0.12,0.6,5.0,0.4,0.3,0.6447072295721022,297,0.1
2154,0.12,0.6,5.0,0.4,0.3,0.7369071016128264,301,0.1
2155,0.12,0.6,5.0,0.4,0.3,0.8380986208060371,360,0.1
2156,0.12,0.6,5.0,0.4,0.3,8.020891750357148e-08,47,0.1
2157,0.12,0.6,5.0,0.4,0.3,0.859916475524101,331,0.1
2158,0.12,0.6,5.0,0.4,0.3,1.678050483768242e-05,64,0.1
2159,0.12,0.6,5.0,0.4,0.3,0.6965408431381223,337,0.1
2160,0.12,0.6,5.0,0.4,0.3,0.7887291844767363,343,0.1
2161,0.12,0.6,5.0,0.4,0.3,0.8452765530989994,336,0.1
2162,0.12,0.6,5.0,0.4,0.3,0.784663488746393,372,0.1
2163,0.12,0.6,5.0,0.4,0.3,0.8842611013002124,348,0.1
2164,0.12,0.6,5.0,0.4,0.3,0.8142979971786758,360,0.1
2165,0.12,0.6,5.0,0.4,0.3,0.8082069646775522,240,0.1
2166,0.12,0.6,5.0,0.4,0.3,0.8711327542632352,365,0.1
2167,0.12,0.6,5.0,0.4,0.3,0.7492542256996971,314,0.1
2168,0.12,0.6,5.0,0.4,0.3,0.7949060204606934,335,0.1
2169,0.12,0.6,5.0,0.4,0.3,0.8478845713784936,325,0.1
2170,0.12,0.6,5.0,0.4,0.3,0.8063758483658134,243,0.1
2171,0.12,0.6,5.0,0.4,0.3,0.7438206139261194,352,0.1
2172,0.12,0.6,5.0,0.4,0.3,0.8160457450769838,320,0.1
2173,0.12,0.6,5.0,0.4,0.3,0.8757628762059853,348,0.1
2174,0.12,0.6,5.0,0.4,0.3,0.8390032443721679,333,0.1
2175,0.12,0.6,5.0,0.4,0.3,0.717715146012066,372,0.1
2176,0.12,0.6,5.0,0.4,0.3,6.703708327153303e-07,54,0.1
2177,0.12,0.6,5.0,0.4,0.3,0.8538551372514872,348,0.1
2178,0.12,0.6,5.0,0.4,0.3,0.7922869434978737,357,0.1
2179,0.12,0.6,5.0,0.4,0.3,0.785503043081646,351,0.1
2180,0.12,0.6,5.0,0.4,0.3,0.7089893031496128,290,0.1
2181,0.12,0.6,5.0,0.4,0.3,0.8155794961429895,351,0.1
2182,0.12,0.6,5.0,0.4,0.3,0.8499566129049277,322,0.1
2183,0.12,0.6,5.0,0.4,0.3,0.8461255272030652,347,0.1
2184,0.12,0.6,5.0,0.4,0.3,0.797831195307007,313,0.1
2185,0.12,0.6,5.0,0.4,0.3,0.8404359254765246,349,0.1
2186,0.12,0.6,5.0,0.4,0.3,0.7507263007455007,334,0.1
2187,0.12,0.6,5.0,0.4,0.3,1.1216188895652466e-05,62,0.1
2188,0.12,0.6,5.0,0.4,0.3,0.7865196045275223,298,0.1
2189,0.12,0.6,5.0,0.4,0.3,0.7498879308618983,273,0.1
2190,0.12,0.6,5.0,0.4,0.3,0.8517804764436931,352,0.1
2191,0.12,0.6,5.0,0.4,0.3,0.8404356050993236,368,0.1
2192,0.12,0.6,5.0,0.4,0.3,0.792609391664439,343,0.1
2193,0.12,0.6,5.0,0.4,0.3,0.8407461076777101,311,0.1
2194,0.12,0.6,5.0,0.4,0.3,0.8062807464295366,368,0.1
2195,0.12,0.6,5.0,0.4,0.3,0.8444967315142734,298,0.1
2196,0.12,0.6,5.0,0.4,0.3,0.7662937278884226,350,0.1
2197,0.12,0.6,5.0,0.4,0.3,0.7732033775004289,356,0.1
2198,0.12,0.6,5.0,0.4,0.3,0.7494419829281961,357,0.1
2199,0.12,0.6,5.0,0.4,0.3,0.7017336080877612,336,0.1
